season,team,PC1,PC2,PC3,PC4,PC5
2004,76ers,-1.7757861986016588,-2.8551781488401806,-1.1722020938607765,0.830265927459215,0.7751092331526463
2004,Bucks,-0.4159553822932148,-2.824563732974165,-0.7391253351934604,-1.362116003694457,-0.1819633936341175
2004,Bulls,-3.550777494436001,-2.1485831224781102,-0.36363387737543457,0.4808169126864756,0.3121844573846935
2004,Cavaliers,-1.3572827472679299,-2.787785475465661,-1.3030374241598002,-0.4414623963964827,1.0555706116172567
2004,Celtics,-1.209185583704112,-1.6733459028538995,-0.26022401815342483,0.09682796006780495,1.0562979953394986
2004,Clippers,-2.3105809816621052,-1.7249564022155974,1.6172480964967604,-0.29789287220535815,0.8804552025158279
2004,Grizzlies,1.2565644445986244,-2.7339729623644335,0.6109094433999045,-0.7894029576972122,0.8428477773076314
2004,Hawks,-3.2696407496258892,-1.6783950840014576,-0.9309992418188853,0.5318694444252037,-1.4179570963590675
2004,Heat,0.1722259981312791,-2.7666878690376606,-0.15589525529856216,1.065513886089592,-0.025063187004703728
2004,Hornets,-0.4053691945771862,-3.0784799481262257,-1.887911332580201,0.19209089063874893,-0.9387186325157353
2004,Jazz,-0.1904999941377585,-3.1588402190859872,0.6495506541103042,0.22561761348235657,1.765952317959654
2004,Kings,2.5022688013585768,-1.288770330754834,1.2402750037109078,-0.2022936970561771,0.22760646242980725
2004,Knicks,-0.9036354169856361,-2.3433576746466196,-1.2153022112712915,0.3272945416329764,1.0353656814028507
2004,Lakers,3.3795048977958952,-1.1730909942400658,2.7086405317298548,1.0212586831510806,1.6800447868870345
2004,Magic,-3.8981515269582916,-1.4896238508023083,-0.13978407808924867,-0.23363834526331623,0.14630453687528389
2004,Mavericks,1.1944074294822746,-0.37060501662140855,0.37961670598124303,0.3606463872996175,-1.190170637003258
2004,Nets,1.095587469233954,-1.4974895838805091,-0.9593491620169757,2.6620664109485683,-0.6122735318474388
2004,Nuggets,-0.2631567153377717,-0.1270754595074815,1.2622039879556388,2.071343709124884,-1.2206990665439401
2004,Pacers,3.0958263563730357,-4.005956140886819,-1.7342629463823258,0.26865755384253565,-0.7189074978776996
2004,Pistons,2.8312213387058147,-3.3729791133876916,0.6257632967523539,1.1355296586673806,-1.6627004684606477
2004,Raptors,-2.0041046057209,-4.549009769461157,-1.2078898246484968,-0.49095118166460516,0.18848793644381817
2004,Rockets,0.37905354712458295,-2.483767772865268,1.2059527149032523,1.2746132150212506,0.1464684535250218
2004,Spurs,2.4076604054446253,-2.323723622888706,0.9545804182472355,1.9015143520387072,-0.8650249915750768
2004,Suns,-2.7618725486232365,-1.7323248929622934,1.5997585556789002,-0.0639345160901571,-0.36303624167443244
2004,Timberwolves,3.0885637410197537,-2.475187973399628,1.8127557434973316,0.3308376164612319,0.778606873654431
2004,Trail Blazers,-0.3604722311899908,-3.127573075114514,0.5750129673536203,-0.1897307804694512,0.9458172290973389
2004,Warriors,-1.7011855818273953,-1.4975221485017172,0.8620599657734782,1.3671480527887572,-1.4056714242729855
2004,Wizards,-3.331838596712841,-1.2293282118144793,-1.2738371091911798,1.2502343135718097,-0.2735428241252151
2005,76ers,-0.340044033689874,-1.4389667053423458,-0.605670088375029,-0.2904134648752613,0.5209295049627389
2005,Bucks,-2.8030988590802433,-0.7888819769093885,0.326953912660284,0.5604659986382724,0.03175239220476813
2005,Bulls,-0.02897778782630662,-2.368163572635679,-1.2689245448263342,0.01785197504155218,-0.28412791641793655
2005,Cavaliers,-0.6743117052610013,-0.30094790725535825,-1.920525006341093,2.18420123114761,-0.7553439052499525
2005,Celtics,-0.19454476994769626,-1.728430034157028,-1.009777220037786,-1.007659111682568,0.31812341544212996
2005,Clippers,-1.9732744344175315,-2.2015832020101906,-0.4830444618085209,-0.06081554009899591,-1.3480432084651373
2005,Grizzlies,0.0866275690847269,-2.067274816005738,0.12815670748482927,0.6840040790882586,-0.6524320344820272
2005,Hawks,-5.513585603951254,-0.19820378712936126,1.4839063614565629,1.4158480628472732,0.03216870113705931
2005,Heat,3.4581603135815295,-1.9583499210738833,-1.7350371648850287,-0.3366154048986363,0.13483298007242714
2005,Hornets,-4.623998024775848,-3.3713629842909394,1.9972876385871163,-0.929275502617768,-0.3396054332348511
2005,Jazz,-2.9231745124417374,-1.2361089782504215,0.688079189426772,1.3214935057974955,0.1349409789205937
2005,Kings,1.2735031262447825,-0.8385119866726459,-1.112171244257198,-0.6301326080532165,1.1212877461337614
2005,Knicks,-1.9930945851213944,-1.350558755361977,-0.7410396701706023,0.13251488036803,-0.8688290927691048
2005,Lakers,-1.780920013978611,-1.6651513657122554,0.25926384223061344,-0.984758540182208,0.5564404690613252
2005,Magic,-0.8452090137203031,-1.7589183314666972,-0.6620944727564604,-1.230271379008868,1.6256989580879058
2005,Mavericks,2.7864937869598134,0.04618750605502466,0.7305136521633299,0.6784428288695015,0.43422099110511936
2005,Nets,-0.4804168831888902,-1.1300935837137391,-0.08973069238458588,1.585655394439054,0.9254017509444353
2005,Nuggets,1.6186894521055528,-1.2037213258174115,-0.2371172842011144,0.24450091934868662,1.18100173570699
2005,Pacers,0.6131513016132382,-1.9042137425202712,0.6722983169677614,0.8333999718686261,-0.07715666716474065
2005,Pistons,3.0623323394198505,-1.8838607826052345,1.493738520206938,1.6141764416606348,-0.2847310743891355
2005,Raptors,-1.8665960600716167,-1.9881416515839052,-0.4849515157297003,-1.2858034625798804,-0.5480605766343286
2005,Rockets,1.5326849928362403,-1.1096260544214334,0.049219360058136236,1.2816306420311654,0.6728833107474335
2005,Spurs,3.7138840311192793,-1.0525298827894274,0.9768950548964275,2.1415976495668985,-0.20195698503419615
2005,Suns,3.8534154308537167,0.2118842415110165,0.16739087201139358,-0.8916969764479546,-0.02645783588930854
2005,Timberwolves,0.24716653551660728,-2.2750130038741023,-1.1400823504969064,-0.43828223557619655,-0.14476577362515008
2005,Trail Blazers,-3.5333193061519195,-2.703624794431115,0.47579138219986056,-0.8324055263050808,-0.9305008921463956
2005,Warriors,-1.892539532585378,-1.4575861359775775,-0.31054241274455513,-0.6000003678357818,0.07820961671297036
2005,Wizards,-0.04161590319027028,-1.133747503830848,0.2794417164744928,-0.6559902472472325,0.8727480459800993
2006,76ers,-0.7344147155077774,-1.5507472882098965,-1.3183153347591372,-0.8678698666038449,0.6089290965544683
2006,Bucks,-0.5347003845841299,-1.3008868992744589,1.1449527799435735,-0.12812734482373114,0.7553863698354047
2006,Bulls,-0.2104315141403436,-1.746072819014187,-0.16772821080207484,-0.36691245649847803,-0.7089003237342463
2006,Cavaliers,1.7153581958828064,-2.163719952198325,0.16075143244498502,-0.2014728002676487,0.33781544741386343
2006,Celtics,-1.8385710228453718,-1.2579402570366915,-0.5781043527917576,0.2169928007965853,-1.0313235801243732
2006,Clippers,1.4152521396311544,-1.066986509680299,0.8130277034292777,0.4806106906526159,-0.08925395774485698
2006,Grizzlies,0.6452175005565343,-2.430631534877642,0.4244463411797932,1.2071118898820863,-0.7784300783706327
2006,Hawks,-2.9059369888110425,-2.40444997962814,-0.26639623244611266,-1.3799699282397846,0.08310239211203353
2006,Heat,2.802005262337829,-1.2662182511722262,1.5472358232826597,0.36323178154223373,0.7663278819879664
2006,Hornets,-1.2639172108880958,-1.7880594774664682,0.30607519578336345,0.5249096671745199,1.2397815820192946
2006,Jazz,-0.13268899619514146,-1.7916232255816458,-0.8963726465202926,0.544439039718738,1.812600019612574
2006,Kings,0.5424514789182413,-0.41346008487692987,0.9989002825964814,0.8261956252984907,1.1169824819827259
2006,Knicks,-3.5862448418230546,-1.1859503211321307,0.6776864214740842,0.14446193267192417,-0.7621504156102943
2006,Lakers,0.5542065442177118,-1.0325658319177247,0.11737852754353238,0.372210759027992,-0.6102478270958169
2006,Magic,-1.4261299588721563,-2.334151084025715,-1.2261952688360993,0.12192503068947194,-0.4675881645404912
2006,Mavericks,3.803193566926361,-1.5134820923393628,1.9854254127812079,0.19319283948127586,-0.34453688577789604
2006,Nets,1.1232661683150194,-3.3962596439460766,-1.1200515686117627,-1.0573853159734996,0.454689710433
2006,Nuggets,0.643719883203488,-1.2083391325393773,-0.3939730404312717,-0.319903731494563,0.7341923293113399
2006,Pacers,-0.19408690896427477,-1.7617437310654565,-0.5028184801868123,1.3027426119065877,-1.698782199575998
2006,Pistons,3.369532333439378,-2.361237291194917,-0.19121111165128618,0.6646728497328901,-0.6308589645214954
2006,Raptors,-2.888839725683785,-0.9490621006344042,-0.6686248689243821,-0.830739382661612,-0.5102417444102572
2006,Rockets,-1.4332655200701911,-3.063690934331164,0.3936036357079312,-0.13083350292345866,0.0901035047436145
2006,Spurs,3.2456901018838216,-2.1242851450082187,0.04624781007981424,0.292416905010605,0.5098609879576109
2006,Suns,2.6567476447035308,0.07569900401386087,1.0571030585146395,-0.3894313287201284,-0.5390567529479388
2006,Timberwolves,-1.8005307441343077,-3.292780037975392,0.4921810422548688,-0.5678965908445943,-0.409068255866726
2006,Trail Blazers,-3.9956546839658174,-1.0182973339970505,1.1474289091329484,1.7531935807028098,1.3814942056066055
2006,Warriors,-1.6989891606376388,-1.2154987327946396,0.6116881662014262,-0.28893038809691013,-0.4306527914023611
2006,Wizards,-0.6499765706504048,-1.6661249672156409,-0.028563676441847735,-0.770492799876971,-1.4815702276474976
2007,76ers,-1.6599167030373096,-1.3252276092628013,-0.6778767959851544,0.21631118198032273,0.621348435944842
2007,Bucks,-2.880544906587209,-0.4465742317653886,0.28748763698377916,-0.09332651126217319,-0.626766505208505
2007,Bulls,1.7743981446399757,-0.6263277291406476,-0.8807440896046762,1.695808120147524,-0.48427129989424
2007,Cavaliers,1.6795204469059748,-2.52700736256259,0.49059532797891153,0.0008944276751505448,-0.8135227993727638
2007,Celtics,-3.4948077807881943,-1.6592361291642612,0.038285514184950034,-0.5077170665293275,-1.648952296765814
2007,Clippers,-0.5895945070839512,-0.7311597686339583,0.19944127840379694,1.028517264837595,0.2564806495356706
2007,Grizzlies,-3.575457283023052,-0.8058656060585697,2.1754829900261448,-0.8831334174900541,-1.0038546559549641
2007,Hawks,-1.8069729475149896,-1.3249971944836327,-0.6984000773478131,0.40614895155355263,0.5406857018754899
2007,Heat,-0.03163366910812586,-0.6472595628139847,-0.4868232219730934,1.7052661363134782,1.68168006972609
2007,Hornets,-0.8850276554401734,-1.8723200412028589,0.2962488725793143,-0.2937034131927636,0.5632209440777567
2007,Jazz,2.1955743267156853,-0.9319713610691724,1.1731679637021175,0.08759465130115876,-0.21702665475048952
2007,Kings,-1.349530960930715,-0.7577438298707322,0.8777896069340819,-0.31534436708936886,-0.15036876928948284
2007,Knicks,-1.6031960494826178,-1.3373225850235457,-1.3722325215422868,-0.26081923642280974,0.44331149586858876
2007,Lakers,-0.2748825752410949,-0.770623585662251,1.4072854876302676,-0.8141377753545225,-0.31898892049180894
2007,Magic,-0.3983588451080726,-1.5616461365414716,-0.6500796686023779,0.764495840168953,-0.056550466452533484
2007,Mavericks,3.692656400113648,-0.778331498856736,-1.0865619584421882,1.414206779055573,1.7184326735975124
2007,Nets,-0.03941780497920382,-2.0209525196909732,-0.2776959750094283,-0.49031208059698705,-0.749398843768274
2007,Nuggets,0.15768983459011618,0.014745092286079972,0.4266020041491951,-0.36110260374583636,-1.0502791745618807
2007,Pacers,-1.7243691055365482,-0.9517105070115542,-0.6989247160731591,1.012931448576196,-0.5798836968848139
2007,Pistons,2.386025477567067,-2.2892725550013595,-0.7600745680824869,0.3394224456531628,-0.3604804244528056
2007,Raptors,0.9051464549936544,-1.8882340293301136,-1.5694628596788676,-0.5199224128389278,0.6900470386715964
2007,Rockets,2.055926787335341,-1.689065082800887,0.1982525840027479,0.5844014057094371,0.8024421799010037
2007,Spurs,3.6824564271488014,-1.101759829953596,1.456108348008528,1.2443299150111695,-0.32298017325328465
2007,Suns,2.9800117498480305,-0.36325783301229814,-0.22326597296912862,-0.8062518538195567,-0.9920650125203161
2007,Timberwolves,-1.2176336929286264,-1.6335471083703885,0.6813095539208938,-0.5191285491723696,1.294042729621144
2007,Trail Blazers,-2.2687443533931786,-1.8191889157545238,1.0053811635645293,-0.39142775458393675,1.0283662768963093
2007,Warriors,0.6501661029251742,1.740513767951181,1.3021562055850384,0.9569196219333103,-0.16748550511043855
2007,Wizards,-0.7686111657164227,-0.7836398539114947,0.11153233846801278,-0.7704449578755421,-0.07039227463064335
2008,76ers,-0.40147969926848776,-0.49759673596018794,0.013022853941679244,1.3814199744963975,0.6390872699755574
2008,Bucks,-3.1322020423117443,-0.17517099833649244,-0.3246454170439427,0.8749221620625425,0.480581739087071
2008,Bulls,-1.834172509887827,-0.6453662935983393,-0.7871586019386165,0.8450860842559369,0.5372822200973343
2008,Cavaliers,0.6133629705513418,-1.6723900560478804,1.1044087037486199,0.2582644491243918,0.7096404013828723
2008,Celtics,4.541513161498467,-1.4203362769459376,-1.1027438785409975,1.6876969759340978,-0.9619603148112261
2008,Clippers,-3.2180558730054574,0.26848627124942476,1.563172774142823,1.6730114533644254,0.11775589841167738
2008,Grizzlies,-3.878460688777097,0.14163600838615145,0.5531090277835498,-0.014063450720840467,-0.8163722011209174
2008,Hawks,-0.35532000319623086,-1.502630288366271,-0.0842510599497287,-0.3068915610549244,0.9212369117981016
2008,Heat,-5.382518999154287,-0.8745378809366756,1.127725663259115,0.9795945671083611,-0.4274824905624001
2008,Hornets,2.90183736953224,-0.1394577827148928,0.5617173951626656,1.165288553528881,1.4246126312445428
2008,Jazz,2.293537851553338,0.372658171927597,0.7049887176585646,1.097398978441404,-0.6983606932072023
2008,Kings,-1.3784925414602573,-0.6520183855062446,0.4558221385905934,-0.6523355915083404,0.11975856060681309
2008,Knicks,-3.52323749172366,-0.7455823278975016,0.09845578643657073,-0.06534434268508164,0.2868633597065652
2008,Lakers,3.2928677640084882,0.5935084245054199,2.4132309373312486,0.1908774320928014,0.11628456662634436
2008,Magic,1.6055868885323386,-0.369150752012529,-1.5707403690861084,0.4952016220844736,-1.3283565220837088
2008,Mavericks,1.1139322345271294,-1.3106698696403336,0.605545702584946,0.3477472234435123,-0.8735819130017167
2008,Nets,-1.6097634047651381,-1.001077426168886,-0.5935461091497292,0.5818281953708845,2.184247292336019
2008,Nuggets,0.9667209023410346,1.2811888821754365,-0.39721162989688324,0.5100881374827578,-0.6657903587872585
2008,Pacers,-0.9906443455454333,-0.7513988233246275,-2.405422715679888,-1.1829654666782274,-0.004793488312237749
2008,Pistons,3.4539387353683657,-0.4834304254667762,-0.27307797307510756,2.453552768190249,0.5689886534406126
2008,Raptors,-0.32095453119019723,0.5880578167354967,-0.9605334794402964,2.276548432743953,-1.6814327538060951
2008,Rockets,1.3480199465570684,-1.5286440804948631,0.022768518281885967,0.840099003739932,-0.39351262760537403
2008,Spurs,2.7866895524791664,-0.9618139687016446,1.8396285660251148,1.7770071442303919,0.3355495719806435
2008,Suns,1.6279650522427034,0.3433963554715195,-0.2825573539820513,-0.6560393208878053,-0.7730699575864077
2008,Timberwolves,-3.6839891455101226,-0.4940399262346426,0.9387051494241015,0.7573881377852796,-0.05457594618796616
2008,Trail Blazers,0.17571627001550993,-2.2801606092072766,-0.2949072802875583,-0.6505268778777142,1.8019997877667167
2008,Warriors,0.9744139305347822,0.6774037616361609,-1.0221206407539796,-1.0537880914796434,0.6386690600798638
2008,Wizards,-0.14798926515273497,0.2693450756735621,-1.0400714267878102,1.940355788287283,0.20050991572073376
2009,76ers,0.31044725221911423,-1.8801909608077876,0.6076379923907096,-0.7024429381855994,0.599899883333071
2009,Bucks,-1.9612596816427041,-0.3192997723535098,-0.558533414152239,0.6172015756091195,-0.3893430475958608
2009,Bulls,0.10736395368964513,-1.1226895657023572,0.6209385600195901,-1.0894142718332562,-0.3056125110906181
2009,Cavaliers,4.332773975943954,-1.1564910265353021,-0.48693609615707506,1.4514083276950507,-0.35700203812669795
2009,Celtics,4.083291236928268,-1.0780113218211123,0.10910896576727432,0.5690243717990162,0.5570083859945137
2009,Clippers,-3.6306190580761357,1.7546695768314955,1.0688041192066593,2.859591141061886,0.45888937757499304
2009,Grizzlies,-3.1201891137962305,-1.1005803954375484,1.0419667643906212,0.6784036654338232,-0.003378157561867653
2009,Hawks,0.8426957029331504,-1.2065220655242388,0.9392610375073774,0.5042740955721506,0.11151192970007945
2009,Heat,0.2538888819601709,-1.123266135886826,0.1349449660762841,0.5087218512081608,0.6454035038772413
2009,Hornets,2.057834228765189,-1.504809880148029,-0.9116057119131897,0.41987578317597163,1.9392673452813247
2009,Jazz,1.2102250997201693,-0.6264381357159806,0.6333710468949265,-0.18302017873113846,-0.13623634981541466
2009,Kings,-4.620062548489268,1.6276588018599836,1.2270847860928058,1.3418544126471392,-1.4027825930800555
2009,Knicks,-1.9858076412608052,0.028712169094138568,-0.0965744246990186,-1.1196857182166127,-1.2427999160152372
2009,Lakers,4.828567384115981,-1.5567246603161615,0.31921450012275066,-1.213596163101497,-0.7764461545230695
2009,Magic,3.5690614100618188,-0.6955445051943799,2.398615847894573,0.5400051622121291,-0.20797800704780936
2009,Mavericks,2.035236013833769,0.2561622987559907,-0.4922596718511165,1.1051811149524184,1.2686783781890267
2009,Nets,-1.4364441523005993,0.49647596082301987,-0.47021956109678126,1.4239893284051457,0.32383392770097613
2009,Nuggets,3.0734976988544385,0.42712024038785,0.5564684894923431,0.5854457201225454,-0.3671092684496352
2009,Pacers,-1.2045982873330638,-1.0265258058492046,0.09751273120227116,-1.4956442540093273,-0.8757612353827358
2009,Pistons,-0.7086843676939325,-2.8881500217288685,0.5811446709069761,-0.6736865615329469,-0.5897300743500902
2009,Raptors,-1.4799472734012753,-0.45320233810322363,-0.30994190481217904,0.0258540230784664,0.9206388891594351
2009,Rockets,2.3460627823220923,-2.331316381598854,1.0136708300799264,-0.47812021292636003,-0.27160718608264506
2009,Spurs,1.6799756237645092,-1.85806609425873,-0.9126127501933063,0.3016996573586906,-0.04030094661495401
2009,Suns,1.0533013467209829,0.8496508526205016,-1.9765416573838603,-0.08887360978270058,0.266688011331904
2009,Thunder,-3.769306402113534,-0.6402664107093055,0.17081267029627545,0.0758886040005996,-0.5895514599785022
2009,Timberwolves,-2.4202136172359325,-0.5571841145067852,0.200101493610945,0.006049716484321235,-0.198005316211187
2009,Trail Blazers,2.471904831191526,-0.5906944649398492,-1.2544802189751207,1.5674898074302668,0.596558791562797
2009,Warriors,-2.2717766633201517,1.0829042660726584,-0.6013691069074262,-0.38710728864007676,-0.8811956173925557
2009,Wizards,-3.883381200367039,0.01477057660800379,1.3870354775597198,0.9565192238085176,0.44508146849255825
2010,76ers,-2.494481606073466,-1.3274510647654436,-1.0438656266816788,-0.6443059372738256,-1.243850521261354
2010,Bucks,0.6455645749567313,-1.3837635080993511,-1.216179669967548,0.5409177120716465,-0.25672509701876717
2010,Bulls,0.19977711128349923,-0.8035814893099362,0.0046851163852509765,0.2605100245460785,1.11587214897463
2010,Cavaliers,3.147162511536957,-1.7882355760110469,-0.7529964555280827,-0.5046033615407071,-0.43011791146920203
2010,Celtics,2.811647097510258,-1.6453994540488204,2.178687314020403,-0.3172712345976011,-0.31288070225604986
2010,Clippers,-1.6461911812517616,0.18538678150128932,0.3692868205921686,1.4070118055669159,1.4928335915992825
2010,Grizzlies,-0.15926156503902048,-0.07496233319671856,-0.035628762742331475,-0.14676596614587376,1.0073019167012094
2010,Hawks,2.0514024073586365,-0.08361618249306825,-0.0375113337568559,1.3316143412523835,-0.5330468166921359
2010,Heat,0.8464303013081408,-0.6244600294505664,-0.5778948271836025,1.4288882575123258,-0.17841950759175051
2010,Hornets,-0.8485710116224967,-1.4748339232820278,0.18566050907321033,-1.1217642486323502,1.3198857115547917
2010,Jazz,2.0027227586870815,-0.26428740483399193,0.7881211970015668,0.26118774415582885,-1.0745185472119256
2010,Kings,-2.422370584820144,-1.5034001180259555,1.3700307046310596,-1.5607355630488258,1.0369705161894622
2010,Knicks,-1.9053071712147758,0.4499417542833286,-2.0549796836233263,0.22962115382975504,0.6675129432825075
2010,Lakers,4.028946196985594,-0.7832169940297727,1.4083648951309453,0.18336447151576615,0.24074733160463685
2010,Magic,3.9175039423761,0.10916531983727433,-0.6225212531681397,1.7993772719020023,-0.4966800837298218
2010,Mavericks,2.4496680056213322,-0.4427882648066393,-0.4301650261684349,0.08662596707483104,0.7551930752788468
2010,Nets,-6.020204293615022,-0.32782656418535183,0.7132620970713496,1.5412957218935015,-2.3001713911630803
2010,Nuggets,2.094330415299848,0.1894540755196294,0.02684645750464315,-0.015492342954689917,0.2533371414019064
2010,Pacers,-1.8596126888262419,0.8291872602109399,-0.12220589827072012,1.2004429525508553,-0.5921460620606385
2010,Pistons,-2.2196069482012972,-1.5824480121200704,0.14995171903537105,-0.29958755780549595,1.055821829837724
2010,Raptors,-0.5422679122649349,0.6405647383627726,-1.5358211849672414,0.5461756532062583,0.7138475968507451
2010,Rockets,0.33784754351540525,-0.6100838862554543,0.5935360553512904,-0.8015979624124298,0.6548553548481841
2010,Spurs,1.6109468143609584,-1.0858737630086972,1.1447144920027532,-0.06894357790870063,-0.8768661277847692
2010,Suns,2.807425674431983,0.8663004694153964,0.37766615369159795,-0.033327397426383853,-1.1427133553453237
2010,Thunder,1.1619123210038313,-1.1150254886404027,0.7488762068543757,-0.1292614619701635,-0.44061280272678666
2010,Timberwolves,-4.540482595958552,0.552445181485604,1.5486554165686843,0.5287941032117968,-0.6639510333512061
2010,Trail Blazers,1.3195593771515415,-1.9308985799265184,0.2574516404286907,-0.6012722011210443,0.014858191121471366
2010,Warriors,-2.1970522542225788,2.0946858927241485,0.8335071240807023,0.30423149428365487,-1.2015870219439884
2010,Wizards,-2.559888277050963,-1.6731339161413679,0.02755188827241249,-0.8093426328171897,-0.44033395745367454
2011,76ers,-0.7235040340287892,-1.1030518978956905,-0.8708746821465058,0.47104640104762485,-1.6861804928928512
2011,Bucks,-1.6177467790961253,-2.4403303163075427,-1.2768986057569982,0.33182398990048906,-0.7078904182769781
2011,Bulls,3.8296303224544785,-2.088927404505989,-1.6825891381349045,0.4069144435843503,0.1290164601650394
2011,Cavaliers,-3.6471462706667728,-0.12359443688659393,0.06637789487375212,0.8193244041242579,0.21952158492616672
2011,Celtics,3.071810768197903,-2.741050912083326,-1.9985807116721481,-0.17543728148103152,0.5541598226229041
2011,Clippers,-2.2009738191941848,-0.7755842660511956,0.7989948381052913,-0.10559058886524618,-0.2825751538531889
2011,Grizzlies,1.8727412672553523,-1.3841748409619032,1.6604154763225243,-0.28628908885252285,0.3053266743292121
2011,Hawks,0.8804414072677328,-0.8564804881208651,0.757080537144991,1.1370824214490673,1.4890477748668487
2011,Heat,2.8787005657950844,-1.0869403063250125,1.1137398530115643,0.775257957254815,-2.289369024048488
2011,Hornets,0.47382821242708123,-1.4265960093632586,1.8877447020602645,0.5021103312244042,0.6381346967007271
2011,Jazz,0.17237165137931432,-1.0237558002383926,0.05366825269498429,-0.4830622828832284,0.7213436867325338
2011,Kings,-2.7586553497187585,-0.2728655089518103,0.7447208382264333,-0.25571015645296313,-0.11771860501346165
2011,Knicks,-0.6699250497258221,-0.7554078712861307,-0.7110408379228945,-1.361374197640995,-1.0481053786374008
2011,Lakers,2.812694102615421,-0.9133547770261343,-0.6435278997479429,0.41673049961576814,-0.2152640847071465
2011,Magic,1.9197307110557513,-0.748193891799326,-1.4821497344872214,1.5274599383158118,-1.1215926951139128
2011,Mavericks,3.572159742028423,-2.8549199203464664,2.11538666904055,-1.8869925235108826,-0.20542462202932432
2011,Nets,-3.194875951427586,-1.8841675035788323,0.5554146923941217,-0.32329436910461795,0.5877917869149494
2011,Nuggets,1.7044647696248965,-0.04285791899158689,-0.12668211422504472,-0.2646526631071363,-0.41980581955056256
2011,Pacers,-1.2266562808611,-0.22186270940956027,0.29732129562482745,0.7179127557193158,-0.37603086702491284
2011,Pistons,-2.4845398272684465,-1.8815337307038964,-0.4366571494506809,-0.6683174828900551,-0.711196533608501
2011,Raptors,-2.9124217126447625,0.3584361407548537,0.5617081017198104,0.5157494546063855,-0.15829633760739034
2011,Rockets,0.24710161311480275,-1.1221942470592918,-0.2909705860250235,-1.4358683300277437,-0.6720425940979919
2011,Spurs,2.7990426549207843,-1.22371249521599,-0.33307592676033737,-0.26543125621952673,-0.2989825905455593
2011,Suns,-0.5470695122614049,0.15467173727335048,-0.051215685306214495,-0.46777768899969613,-0.31329939505906856
2011,Thunder,2.5738125035169364,-1.1712912443606995,1.542676884095011,-1.4386914518440599,0.23332728271075132
2011,Timberwolves,-3.5109898868572533,0.6471958778951189,1.2624421009457099,0.2514771501498142,-0.8573878435603831
2011,Trail Blazers,1.0997267378604039,-1.9698430908366877,1.129007468932822,-0.20849094127324339,0.3928089140472241
2011,Warriors,-1.185725496571758,0.852150325689546,0.046940294633792054,1.04683614989974,-1.0180700373742526
2011,Wizards,-2.917440481628384,0.025842586866826434,0.32641061615760775,0.8247355097919727,1.8109214977484558
2012,76ers,0.1924300981550235,-0.3530827021064091,-0.47611990988535985,3.280665944654884,-0.0930497131563264
2012,Bucks,-2.127597081403316,-0.9823777762386698,-2.5902919865845977,0.3432874187429299,-0.8733530284906754
2012,Bulls,2.1784764464684505,-2.2050579117809472,-2.8312801175263695,1.0820155483602147,0.2593155281101923
2012,Cavaliers,-4.017502956243002,-0.24853714819489714,-1.434397979533893,1.660094521065771,1.1389395501431352
2012,Celtics,0.9821144518597689,-2.6929088373049854,0.4396529433947899,0.7737076926897015,0.5226231171065687
2012,Clippers,0.5371434069762857,-2.2002786350521317,0.3052250491499688,-0.4174454563715171,0.4178110994901407
2012,Grizzlies,0.32761748616361513,-3.050306534650034,-0.9170778210235523,-0.5927163479565818,0.6868197911695647
2012,Hawks,0.02343440833023703,-1.6413644489403965,-1.9488226338936185,1.0973276278676372,1.0776627730249568
2012,Heat,2.7174422188962177,-1.1243223023105444,0.8874397148574964,1.2202533428490996,-0.1612171825231381
2012,Hornets,-3.327363760464411,-2.8349810460915923,0.8195145324292372,-0.27799640347038035,0.209333168965254
2012,Jazz,-0.7630102411587655,-1.539743820986687,-0.5064900606073437,-0.28457750640870416,0.693957469264479
2012,Kings,-3.270796507321056,-0.42542712232408875,-0.54506039453194,0.10924294083200009,1.3209440244578574
2012,Knicks,-0.45920709336887516,-1.2040067653590556,-1.8195243529957585,1.071738517254695,0.40327144540832444
2012,Lakers,0.542328997427351,-2.5019550046601884,1.005283668909692,-0.9839198521128282,1.2734664809625125
2012,Magic,-0.6742767511385155,-0.7426473505645272,-0.4702545788684884,1.8382739350986017,0.3767614826420651
2012,Mavericks,-0.9990190188056016,-1.3531561466394657,1.5308613938049433,0.7371626155020738,-0.5313724686063707
2012,Nets,-4.171297940768306,-1.5195511465081164,-0.9288599448802642,0.1000987555556428,1.0245462097076035
2012,Nuggets,0.589756565945472,-0.022776967049061153,-1.1594194556108266,0.363009194396808,0.6896116952380281
2012,Pacers,0.8974579651351624,-1.5072350019547323,-0.8518276823443407,0.5137481536273971,1.1914204987712544
2012,Pistons,-3.192236427422475,-0.2554687604991658,-1.8097276044485806,3.0193391551994453,1.5264857093624478
2012,Raptors,-3.460851681581175,-1.0025858530272298,-1.3482022537589093,2.2392770139497093,-0.5376990241535896
2012,Rockets,-0.9122494810791136,-1.934816312447277,-0.389418916293162,-0.641273562441751,1.0437603241640776
2012,Spurs,3.4105251924044127,-0.5925528998058384,-0.5992239961535765,0.446529051505369,1.2484318908746606
2012,Suns,-1.034285550228136,-0.5005400447291638,-0.796748833097997,0.6399112768714873,1.2668791895735652
2012,Thunder,2.807173587483673,-2.339088277149718,1.457433352249822,-1.540378688390194,0.14088813347236057
2012,Timberwolves,-2.618281132649387,-1.7233031144483686,-0.4710446210606917,-0.9305051374420947,-0.2015795730631371
2012,Trail Blazers,-2.374099651944678,-0.07222396370049185,-1.1823802936608185,1.8133712932355641,-1.429613102427985
2012,Warriors,-3.0541813658777306,-0.9190087667374565,-0.7642989468267031,-0.0008721541677682774,-0.34805479583396065
2012,Wizards,-4.4015423798331215,-0.21898056313902683,-0.6405887095779956,1.6825836031061014,0.7804041677913606
2013,76ers,-1.5716708514078936,-1.4101186322887178,-0.5359654336234716,0.8715163689690463,-0.9965519502074898
2013,Bucks,-1.0496129657079603,-1.7117940021456282,0.1850611343911367,-0.9374852264959352,0.44302784050653204
2013,Bulls,0.9119032626725564,-1.7696134586064625,0.6761567614448265,0.5770676091795068,0.18541877212688695
2013,Cavaliers,-3.4473753765795934,-2.0793066403186775,-0.22475976310729814,-1.0870369473309962,-0.21152938464818416
2013,Celtics,-0.1491594308788079,-1.4849896783203815,0.31173110173787005,0.3080714837240186,0.3696354076637632
2013,Clippers,2.614599090722992,-0.3270820576207568,0.3174752374656248,1.340713258577605,-0.18479264733198753
2013,Grizzlies,2.2807738236723756,-2.789773781846781,1.6403376674752397,-0.11694450020344103,-1.0758300889518484
2013,Hawks,-0.1624857980039127,-1.3555583590604772,-0.10631508515113924,0.2258326590596608,-0.6113568285669948
2013,Heat,4.85285168369299,-1.1129822469514985,-0.03369533271052329,0.41134186644093346,0.6144932122218467
2013,Hornets,-2.8684202977048296,-0.9842770543439628,1.377981598106472,0.9430699144199608,-0.7074057755929922
2013,Jazz,0.10791619105901815,-1.3377170614995744,-0.15463359642602473,0.24422213467502446,-0.4838196599303362
2013,Kings,-1.9108050148190339,0.3434482919758114,0.26845742570686615,0.5171830957733674,0.8576366979092115
2013,Knicks,2.34342669247078,-1.2924840525488601,-1.0117199832305441,0.6044562139028056,0.14241263351994055
2013,Lakers,-0.14860214937361002,-0.7179901676675471,0.449039456975986,-0.2367290674756981,0.6812905752907445
2013,Magic,-3.9623542495021287,-0.6833090134467187,0.333341367942259,0.7621530262693259,-0.4427612912416522
2013,Mavericks,-0.22192364001107748,0.23425043001260676,-0.7583463625652243,1.0112955782946915,0.32354013790223196
2013,Nets,1.3959781275304162,-1.1441964757944956,-1.3708328657080917,0.4273544349128244,1.473770381587894
2013,Nuggets,2.1465821458038326,-1.0249308358492737,0.197869549332969,-0.7087488650146878,-0.4202552880949664
2013,Pacers,2.0763536264356914,-1.6303722403260898,0.7316012988671826,1.284388407538332,-0.062010562309179444
2013,Pistons,-2.5801818355092214,0.24771070937581965,-0.7763140999873808,2.3741191943084523,-0.6247524015562935
2013,Raptors,-0.9377024013497786,-0.5001755765114526,-1.4635293757734082,1.0264874977590461,0.5054542147491833
2013,Rockets,0.9496403258885161,0.49983809122717204,0.41477688406728086,0.3231116765120361,-0.6532762344069939
2013,Spurs,3.9716868235461527,-0.6417617035225346,1.7504860967296847,0.36385121064016746,-0.09270759673274281
2013,Suns,-2.736114262983116,-0.30640541427513274,1.0679212391720845,1.0860810138314752,0.48262129626908634
2013,Thunder,2.8915629184417244,-0.6892170915387592,-0.18406302207984182,0.4220188516964029,-1.5924305781534993
2013,Timberwolves,-1.4685636812396683,-0.7813863890587658,0.4732148497230114,1.218461584979554,-0.45472023609472223
2013,Trail Blazers,-1.6452063611927408,-0.7844254713746385,0.6262418448251872,0.4791162718376885,0.12102474930534479
2013,Warriors,1.8140199988157868,-1.090902222598121,1.4487526604482275,-0.6843942393873963,1.245491344266951
2013,Wizards,-2.3104474032273625,-2.5505419670983143,0.2867125635094581,-0.3641320379184871,-0.9526048656056624
2014,76ers,-3.940029291862127,1.0370872460224447,-0.46598095631953396,0.46189192604443835,1.86978976050169
2014,Bucks,-4.724327051067461,-1.1429788041504438,0.1045279600951472,-0.22622068082641497,-0.05077614774774937
2014,Bulls,1.5207431632411357,-1.171503564186107,-1.7591123268756452,1.8314497447930553,0.6330385958912903
2014,Cavaliers,-1.1445437700582914,-0.059979887572130325,-2.5294823543336618,1.0038323711472317,0.629897410397851
2014,Celtics,-3.3024722400498145,-1.3901550428676495,-0.8544121121711544,-0.06286337488992827,-0.8330317515905052
2014,Clippers,3.1636257836111716,-0.008576897220316957,0.8100477236331242,-0.45008685728944603,-0.7169674163709154
2014,Grizzlies,1.7131859116616863,-1.9991865856814852,1.2750977723436903,-0.4589396571803791,1.6682270601180216
2014,Hawks,-1.167080782204521,-0.8154404171480493,0.6110396243685655,-0.05568220579012612,-0.6941177570027742
2014,Heat,2.429137045462885,-0.5336944870107085,0.49130842823683496,0.7859101802809363,-0.15025407764055926
2014,Jazz,-3.122196829976669,0.341108629927615,2.324454709983029,1.4398201742515226,0.6159477219586341
2014,Kings,-1.5300907122937988,-0.16758124152631032,1.7839402011110614,0.01346745624765439,-0.020675620760577627
2014,Knicks,-1.0554056560454805,0.3127782103156698,-2.261466294561078,1.4577298396613112,-0.1679474380807706
2014,Lakers,-2.083890865148368,1.2250859385815753,1.0124217917838796,0.31968880578351194,1.001773320862797
2014,Magic,-3.8570082681924087,-0.969213158485903,-0.2514790846629951,0.37390880003292676,-1.1542893075868677
2014,Mavericks,1.3053205119152904,-1.567636880225204,1.586412037386178,-1.9582333346850966,-0.1942751734676205
2014,Nets,0.8270891330434582,-0.25413974102551395,-0.6923662503730897,1.1927327634715599,0.037122996352551854
2014,Nuggets,-0.9659227905857939,0.4274792159373624,1.1358075771857665,-0.1488594448537468,-0.23501420194252498
2014,Pacers,3.089463439164008,-1.1517236352681315,-0.7470943432052902,1.313227680277757,1.101442833447487
2014,Pelicans,-0.3774127122768658,-1.3000495558213807,0.7945024200042641,-1.129028220388201,1.426557643131544
2014,Pistons,-2.111426082314639,-0.35468419706216764,-1.1044708424695548,0.08997515682243139,-0.4361317963578857
2014,Raptors,1.2853668011744017,-2.7864701975484603,-2.0189272029548953,-1.8457602103009714,-1.263504008518407
2014,Rockets,2.390137260058646,0.0326345775841221,0.9113773349568287,-0.6207940090975508,-0.43211244010886823
2014,Spurs,4.951465463519252,0.97152089343985,2.0639666916444037,1.365887983086126,0.9991216042121009
2014,Suns,0.5474776864967661,-1.3578128598357606,0.12725786335179035,-1.5453596390683528,-1.7626624509837678
2014,Thunder,3.290953267492363,-0.2759276220042865,1.8781831226527872,-0.25055954075927517,-0.5463722458865303
2014,Timberwolves,-0.10581868151918916,0.6048365020217712,-0.6870107763803838,0.28850904661391097,-1.5397835196950196
2014,Trail Blazers,2.4109705505040124,-1.2236459505255879,1.5243073500508002,-1.7912494949125728,-0.3072936126149339
2014,Warriors,2.0235588724472056,-0.022653183837447573,0.07173218661280288,0.34703802571764003,-0.1666580686613094
2014,Wizards,0.4456379510467409,-1.8740424930279644,-0.7399179110086623,-0.8979677038278198,-1.1877898518245311
2015,76ers,-4.4189139806007915,-0.07884435143028976,-0.24081385464231447,1.9674973260656583,-1.0494848015532148
2015,Bucks,-0.11074270261490152,-1.6090140070707246,-0.8431224477312443,-0.29101492631309356,-0.3936104573128641
2015,Bulls,1.9210212480522677,-1.1252758118045099,-0.2775296856474792,0.007796823221129789,-0.3642453405929209
2015,Cavaliers,3.7599457872122617,0.03924893831223472,1.73285514576208,0.566184493480273,0.889021516723546
2015,Celtics,-0.1561932465207318,-1.219942098040028,-1.3221948571262245,-0.6318171740975241,-0.42700411367777186
2015,Clippers,2.9022592461791508,1.2105842539072584,1.912088531299551,1.0298033187986373,-0.4687732764180102
2015,Grizzlies,2.6577379479563352,-1.8668568613490943,2.245233465441868,-0.5787623569693191,0.9940199869262158
2015,Hawks,3.2756967275608773,-1.3407535180670758,-0.5654418006637184,-0.303411105989622,-0.6059759778153107
2015,Heat,-0.6184192637065232,-1.3610940558915505,0.12785399661844815,0.10667005721267803,0.5307119664469606
2015,Hornets,-1.5504357170267968,-0.28977349813857933,-0.647449600159521,1.7276006210707837,-0.5377751056199488
2015,Jazz,-0.3830446798230622,-0.9865351235947731,0.3350170964318774,1.1363226522484524,-1.2336054096133555
2015,Kings,-2.0870460940016424,-0.3687185512730773,0.8747426238964501,-0.6035255427629937,-0.15744811232873102
2015,Knicks,-4.383909165263435,-0.5979760287368258,0.17416768811546304,1.3608363373642918,-0.6989610473085819
2015,Lakers,-3.3368777230934286,-0.4086808078843528,1.710883259792781,-0.2655080653216481,0.18610078039498465
2015,Magic,-2.770270460080511,-1.8172331065781864,-0.07899412746011523,-0.8573524493460901,0.25213912352457807
2015,Mavericks,1.8872414818428458,0.5646701016665515,0.9541929492771308,0.13203325225353227,0.6219321718566945
2015,Nets,-0.10571892245929555,0.10870754662666918,-0.13327453197905142,0.8120433376287576,1.1781720682404995
2015,Nuggets,-2.0105693015305492,0.7813934210856528,1.0798983377781894,0.8422840850112228,-0.7748165912551104
2015,Pacers,-0.7744293818040789,-1.9060452335428482,-1.4673846416861458,-0.15868003906410053,-0.824451795441391
2015,Pelicans,1.0915041238076462,-0.881911099280252,1.3168919861572923,-0.036756170084529846,0.7627593159983155
2015,Pistons,-1.101453650105226,-1.3722128307991026,-0.9644074708625152,-0.34643491572388246,-0.1769437054141085
2015,Raptors,1.5979468568176312,-0.8262582263756192,-2.1639939765800693,-0.39358119731816965,0.515321337119863
2015,Rockets,3.496147674344765,-0.5656900013014688,2.5013411624450863,-0.9351222753997234,0.8126300484000312
2015,Spurs,2.0578459990954823,-0.7684373805387531,0.27713411421539624,0.02835980716444216,-1.0536616814395803
2015,Suns,-0.49266777892732977,-0.4214118773525605,0.12133535637281483,-0.31255312292646403,-1.1507708180705785
2015,Thunder,0.08826448068137328,0.08300957002597757,-0.42399662021889745,0.3376407640889955,-1.560725822386436
2015,Timberwolves,-3.897568783721866,-0.09347141071427484,1.3669666288981766,-0.0965356556310901,-0.3306732469128864
2015,Trail Blazers,1.6919030741731065,-1.2004311289085936,-0.16331718737107276,-0.22092339180773726,0.2075917445174865
2015,Warriors,6.125300167915509,-0.032099104283855436,0.7770509257756728,0.04537440649484066,0.7363287931892881
2015,Wizards,1.3007391105680128,-0.6012491438003038,-0.20654376168331523,0.7938606349618789,-0.04629840315502154
2016,76ers,-5.613660819052924,0.16379673049191065,1.2982811480376464,0.3940367938291664,-1.2535017484688593
2016,Bucks,-1.8429157918070675,-0.44004071869507244,0.2801917915154552,0.16809815356617594,-0.6223704918303714
2016,Bulls,0.24378843819140997,-1.0091773612328274,-0.7807555688827705,-0.8618727080942648,1.2212055800355832
2016,Cavaliers,3.8441002185620134,0.14559389289262348,1.2051971708456781,0.745860022663484,-0.33812266651524675
2016,Celtics,1.0965359904501901,-0.44595543243793817,-1.8656322426750478,-0.046513452373437784,-0.9568387173514623
2016,Clippers,2.252666289640928,-0.16505119759590473,-0.7547358428973697,0.19045926592106938,0.6659204943223324
2016,Grizzlies,0.32618821616872773,-0.07264978410874018,0.3558101257049691,0.989111814783544,0.8263866778640004
2016,Hawks,1.4213517032132765,-0.019061704249251285,0.969609406512786,0.6973532113865665,-1.1444052322697953
2016,Heat,1.882218720418406,-0.7806598090960696,1.3028252743321052,0.36212874461406,0.22515390769164947
2016,Hornets,2.1264806855276284,-0.43910452642137404,-0.6271952131344593,0.23231351252952362,0.8545417092134666
2016,Jazz,-0.20086514350031523,-0.5016846933761485,-1.2255915067457077,1.3429944818632893,-0.9517951071028563
2016,Kings,-1.0636931231875109,-0.9143740261507716,-0.6920959467237789,-2.2490336417397416,0.1847230658198338
2016,Knicks,-1.7341217490600112,-1.1493090960329164,-0.2563384098527579,-0.3384588663233008,-0.8483923217698132
2016,Lakers,-4.152604943399805,0.7206105369223177,2.0942562390201327,0.9308821876458887,0.25809577717470394
2016,Magic,-0.8964581272877518,-0.7254727636116347,-0.3266042305601887,-0.5883501941855579,-0.5954729905479462
2016,Mavericks,-0.6390949171413195,-0.6423846919622863,1.0687502551504562,-0.6419778435832383,-0.9211115573236982
2016,Nets,-3.6206893671194345,-1.1676681893389085,0.3263412028234712,-1.0058350899530601,0.046811499853183024
2016,Nuggets,-0.9572803138598525,-0.7854908256034168,0.33266575165619333,-0.9913631140053542,1.0232182301397907
2016,Pacers,1.0930659013377606,-1.4949593894782864,0.6206423796370744,-1.05478107669069,-0.32708350940538483
2016,Pelicans,-1.8686577585446675,-0.29901555995768375,0.16713197302901972,-0.6240093213175278,0.11747556352352072
2016,Pistons,0.2763327469006017,-0.5160811991539356,0.16250809927340296,-0.13583866851847176,-0.4597949943751334
2016,Raptors,3.091945921940783,-1.1559391647110024,0.7223517232088055,-0.03224654966228148,-0.10904960670852826
2016,Rockets,0.21663416959118204,0.7241187882375089,1.242199847205485,-0.35010391494811044,0.3808676077160234
2016,Spurs,4.5188329680251,0.07954179731103679,-1.068535530460028,2.146278035172916,-0.700299023575375
2016,Suns,-2.6148098584212383,1.488924038202846,0.3500523517837425,1.352605009825179,0.50182561749621
2016,Thunder,3.6019708928379224,1.1643178348383036,1.4303937596904333,0.6446762477325055,-0.8112223499209237
2016,Timberwolves,-2.2041374650470025,-0.8283918368719662,0.33102421265567045,-1.421975158118392,-0.11344868368693871
2016,Trail Blazers,0.7732514663451743,0.34943225512218723,1.664908314077221,-0.03426101907872612,-0.9081313786605902
2016,Warriors,6.375670597987326,2.1863604055608525,0.06986271006524127,1.2207421902729536,1.049738841708555
2016,Wizards,0.004039305988902458,0.7326220664703663,-1.2996949659184343,0.47418801006308525,-0.040447550184991306
2017,76ers,-2.2629256792027403,0.5447751014873449,0.3111876482447399,0.02713888906616732,0.7939943851893814
2017,Bucks,0.46103158689766116,0.4499727242334631,-0.3337844738623342,0.6971823582930969,0.6996318239788779
2017,Bulls,0.32778821671149105,0.8540524494883349,0.007010263636098401,1.027108459639984,0.08101458871727787
2017,Cavaliers,2.948712032291156,1.8753451652756665,1.223052308784056,0.389336367889319,-0.13804705238734544
2017,Celtics,2.6965638706716386,0.05856274320740641,-0.6506106820356036,-0.8472948519437242,0.22470842753113845
2017,Clippers,1.8702089690337629,1.2554320956191316,0.3626362630813731,0.7216320995880665,-0.5430027636962831
2017,Grizzlies,0.7975334542708983,-0.5053814823269752,1.2186198143518412,-0.037997382612072715,0.5907472811343784
2017,Hawks,0.7857257871740997,0.6285067947455961,-0.5628804790787909,0.7345780901487529,0.5162181796471258
2017,Heat,-0.13438786366449917,-1.0282640386703061,-1.1094866667491698,-0.9149632282153516,-1.1434762683275017
2017,Hornets,-0.9425243498094072,-0.23683184753462827,-0.4823957358849061,-0.4175610668808635,-0.8963956759345625
2017,Jazz,2.1395299480193364,-1.0726882895778012,1.0829429707011626,-0.2845892806877112,0.6067431519483233
2017,Kings,-1.425091398735392,-0.09202360108468506,0.807139658633883,-0.8249004512609163,0.912634382268935
2017,Knicks,-1.6226967686131168,-0.8754813473665034,-0.32148894846409715,-1.9066371208286776,0.02538036203565109
2017,Lakers,-2.889298017482675,2.254967119370972,0.9760283397534626,1.0491215019727638,-1.0138862021437236
2017,Magic,-2.3046096868728756,1.3269477304293444,0.15039948971507602,1.0576691105300429,0.14440718180373147
2017,Mavericks,-1.3474668817804174,-0.09019632591630883,0.23536125688683587,0.8523591892977067,0.4602661922780693
2017,Nets,-4.048652594727943,1.7545251097437977,0.587532314758983,0.4739853962005116,-1.351498136524108
2017,Nuggets,-0.0742770487391015,1.4296219679343865,-0.6137507468349173,-0.435156792308274,-0.7044276890268549
2017,Pacers,-0.07629555089778096,0.6790942058214676,-0.8586772632385935,0.5450169509868,-0.48640886098627084
2017,Pelicans,-1.2371235165671295,0.5722479252126167,0.48405326377090924,-0.11561733235005606,0.3362600344435379
2017,Pistons,-0.5322265930066048,1.4458935350133488,-0.7293306802307356,2.3365896119940315,-0.2336722342520814
2017,Raptors,1.661339045088402,0.2618921621032849,-0.38229912499246166,0.06618243981740062,-1.0676185135916463
2017,Rockets,3.451432563599468,2.354418434780157,0.13674224282815944,0.1587035468171603,0.8962478375970095
2017,Spurs,3.8121232111670107,0.05672026990852748,0.8628025298347217,0.2736109109439289,-0.5832692942491661
2017,Suns,-2.5104787243512723,0.7602004549285164,0.8270049833992543,-1.1515141408781964,0.371944978154094
2017,Thunder,0.8247351365108575,1.0012942710468014,0.3295355499417123,0.44142215904785775,0.02146846674858279
2017,Timberwolves,-1.1465343433767912,0.20914784589978982,0.5604234854780211,-0.48685555153004023,-0.5817106748725196
2017,Trail Blazers,-0.1701034508811726,0.7970051592352138,1.2607165667320153,-0.5245740497960295,-0.31246756804901765
2017,Warriors,6.206554191240886,2.1752215784244395,-0.6757282920030033,0.9081969256335856,-0.8359938392834598
2017,Wizards,2.0347955829954545,-0.713683627199416,-0.28986451311643413,-1.97399552714995,0.49614967512239116
2018,76ers,1.8698284246379617,0.5163260322519511,-0.08926356304034495,-0.46617292435680574,-1.3065461819974746
2018,Bucks,0.44489559858006156,-0.5666577856564734,0.1309662047726357,-1.5180097997661535,0.3835260502371442
2018,Bulls,-2.1833701118344875,1.64443106538276,0.4032323732088719,0.6950965437863501,1.0623859439721774
2018,Cavaliers,2.411953961505472,1.1684480071973349,1.4300294965981086,-0.4056737728151867,1.008564110078425
2018,Celtics,3.049443850297874,-1.6713721500964644,0.06382187279115138,-1.5943169824966401,-0.11535656485295624
2018,Clippers,0.2376452235621143,0.5542567622729312,-0.35949555978035475,-1.1679173104699,0.6009312353369186
2018,Grizzlies,-3.207867794966067,0.06474925137420778,0.8734345911324626,0.19388248164094501,-0.7877260061542667
2018,Hawks,-3.0097101783464035,0.28316315556984845,0.1686796560243211,-0.36872123463784506,-0.36028504296653413
2018,Heat,0.3579020295446799,-0.37312740882287093,-1.0453366641806598,-0.32962863112709223,0.18936514104975513
2018,Hornets,-0.829245013905222,1.0944333174926155,-0.7336169293752229,-0.041306380431956766,-0.7521912389093078
2018,Jazz,1.9588507105131598,1.4914743373762702,0.8716764594352333,1.8499616108395738,-0.3724170638290984
2018,Kings,-2.531579968075437,-0.07077968924312514,1.110855261165781,0.11049907284814922,1.3232602754771814
2018,Knicks,-2.431217317741362,1.6918583488089995,0.12776908975497556,1.1598628110144382,-0.46725874798730416
2018,Lakers,-1.0229907614033842,0.5950757066839729,-0.05890587228233688,-0.8296483713295129,0.18672954354987856
2018,Magic,-2.528121103876008,0.43698087509980144,-0.523165688281411,-0.023665008871041514,0.07692605764526673
2018,Mavericks,-2.691277747791366,0.18851220291961562,0.10020139739166689,0.08995162672247281,-1.47601791984352
2018,Nets,-2.012181444002333,0.4470280088059062,-0.2884928751324412,-1.200037669182211,-0.14899082732178806
2018,Nuggets,0.9029100745915181,1.016147118829328,-0.7773983737879762,-0.19308202854378592,0.03323930776108769
2018,Pacers,1.4090207915471331,0.09618909437943803,-0.5017001618269628,-0.09694927998234316,0.38479047202691813
2018,Pelicans,1.5259415866629256,1.0823489308604333,0.40699341673006034,-1.1519333509394534,0.7741420471797427
2018,Pistons,-0.7189668006860733,0.7352321600467798,-0.6530587313710418,0.8931357047936898,-1.396137010658257
2018,Raptors,3.0133574805025667,0.5224500171781824,-1.2942036996644593,-0.22620922617988107,-0.9038123283708851
2018,Rockets,5.19755658319942,1.0105947663545274,0.0739576537290276,0.08721159817708611,1.3859966329828357
2018,Spurs,1.0937711081401331,-0.09585683359505402,0.16837439310391783,0.6530127791675983,-0.26327676041886494
2018,Suns,-3.414053550011887,1.7789915589467742,1.3666084186743928,-0.10090158290396414,1.1837824304578517
2018,Thunder,1.0737040292650464,-0.34602081522481604,0.029728103097858696,-1.0527976838926199,-0.8863084742628772
2018,Timberwolves,0.9630371669071567,1.1540369671429402,0.980005536316912,0.05148280856736364,-0.23767182506633305
2018,Trail Blazers,1.189935631722898,-0.553364246453005,-0.8754604472233496,-0.9183399167594777,-0.4712859551484326
2018,Warriors,4.665680917523696,2.454832900284158,0.9854168312043079,0.8142559389652404,0.591975550545896
2018,Wizards,0.412943774369183,0.0788148330877746,0.14634117582304806,-0.9154243193989903,-0.5426283269428307
2019,76ers,2.3739731284964907,2.290239919814165,-0.5162842277601091,0.022160578785072844,0.40313321589445467
2019,Bucks,3.7093947695009,2.109562924056649,-1.128516188980428,0.2906070140306097,-2.40469811461115
2019,Bulls,-3.2712665765663416,2.3749576661913943,0.5650150160494966,0.7968408562883558,0.29170700441549213
2019,Cavaliers,-3.4943551338193357,2.3698207601891155,0.8046467633158293,0.9291595601634423,1.605976084147856
2019,Celtics,1.7324066918661047,0.9041374942797967,-0.7189564087547476,-0.7237354127569179,-0.1375678030981386
2019,Clippers,1.653572879281083,2.461793207445041,0.02468499860896836,-0.6747623562241002,1.0334062309899468
2019,Grizzlies,-1.7051965467807126,-0.4013477355433435,0.7021792368245764,-0.9562775951698483,-0.7288232197151179
2019,Hawks,-1.728580525915303,2.39794066151598,-0.4317842223696763,-0.9585572357954509,1.936223435455824
2019,Heat,-0.3988784782054691,0.6310683714153448,-1.1179597354579982,-0.1430964509835052,-0.5058285509157951
2019,Hornets,-0.4574819356568373,1.7770390153539697,-1.3520982847189258,-0.11146679061430889,-1.2865411287182882
2019,Jazz,1.691141347659436,3.095459778662064,-0.36376124416419736,2.203950228786929,-1.5081032867109194
2019,Kings,-0.7112030530150455,1.7984765268367782,-0.292181566690532,-1.1353004652670267,-0.4186201415946987
2019,Knicks,-3.897903542356373,1.1332018389181913,0.6757069871761034,-0.6096325623803727,0.6151224830225132
2019,Lakers,-0.5213008324937964,1.6742358319146322,0.5159472443271418,-0.886348825636495,0.20261299815237768
2019,Magic,0.19546541144987137,1.7789002636819258,-0.20878147720361442,1.102043234998598,0.24280638269241486
2019,Mavericks,-1.3410274718982744,0.9466442344003531,0.393284915732653,-0.8378301093036752,-0.18851385157484093
2019,Nets,0.3201069561118014,1.0503176835028651,-0.8013100110755674,-1.5144582360247667,1.051259027248477
2019,Nuggets,3.1502209216194963,0.7629794382948717,0.4982629925137435,-0.7286406345733033,1.2389039322325976
2019,Pacers,0.9246902290172183,1.2289011437183042,-1.849408035388266,0.98117599303246,-0.7352088191241032
2019,Pelicans,-1.690945561593716,1.4627707201489664,-0.520664655364806,-2.0130122425025063,-0.5120022582849993
2019,Pistons,-0.23439939113183153,0.9536348033060223,-0.30998595860089784,-0.08771466445981016,-0.05321622261836912
2019,Raptors,4.162759349485483,1.523122886848206,1.0942730053414587,-0.005555518188058625,-0.6098491828053006
2019,Rockets,2.624737539136929,1.5802707657888442,0.47472141925211914,-0.21467202772179517,-0.45403376439562876
2019,Spurs,1.6704827177756485,1.6798208297706678,-0.06735443311166116,0.029710913276936587,0.5396649580473755
2019,Suns,-3.99295307421456,2.46075049959376,1.659367363273756,0.18674394057730684,0.19242119603173283
2019,Thunder,1.16544264643465,0.5961433237655812,-0.21230253161788687,-1.6543166674475733,-1.0164391450800978
2019,Timberwolves,-0.8895470689911738,1.7286010397163196,0.9051446397099943,-1.029636138925564,0.23807256785213687
2019,Trail Blazers,2.7069342502598928,1.1971397192130033,1.170782949024019,-1.2621848765734212,-0.09190963021867342
2019,Warriors,3.81841162778186,2.8852225436388714,1.2396119275459079,-0.011804102605316905,-0.2935208651187107
2019,Wizards,-1.683933672084823,1.0834508302810435,-1.6903615422769376,-1.805332511079433,-0.6620354083380641
2020,76ers,0.43738868135305103,0.6055657626074495,-1.1988483660095328,0.040229768722406134,-0.6548287619268718
2020,Bucks,4.361271887266904,2.0005677506847683,-3.877596585427824,0.15990145880462522,0.715017445548168
2020,Bulls,-2.9953666227996907,0.053123630227154196,-1.4770370570462867,-1.3467229017241737,-0.1310588272721036
2020,Cavaliers,-3.918541642833935,2.5928577590458355,0.6566343533808667,0.5882577885332733,0.8361600575125361
2020,Celtics,1.4787694350207117,0.8254009164112995,-2.292206273708416,-0.3844548339203596,-1.0156219307046035
2020,Clippers,2.009807711120159,2.5596296656747937,-0.7877018676907243,0.5283600298197348,1.4405060692465141
2020,Grizzlies,-0.8606108502924782,2.630113228757,-1.2204154176086484,0.09336345128963912,0.7166478029572426
2020,Hawks,-3.4319458819554156,3.524681360936424,0.252947550392376,0.5433678255518819,1.282933779266045
2020,Heat,1.1663554248896753,0.7581489775104316,-3.01942397024523,-0.44888564433234773,0.6781503848233015
2020,Hornets,-3.0755731109537985,0.5267136628908756,-0.6673315020276698,-0.49632372622501847,0.9336043651723979
2020,Jazz,1.1821333951380026,-0.08271438733045988,-1.3210617739112922,-2.175768993032577,1.8648899141763982
2020,Kings,-1.607134209748013,0.7680499913946125,0.7899855321862665,-1.4188880555744852,0.17957665399402975
2020,Knicks,-3.264285295341241,1.535712276954247,-0.9375623217227879,-0.01814100106423582,1.029177208359229
2020,Lakers,3.083563968030301,1.10432878633285,-2.457763598631929,-0.5327150594176006,0.9160032600996756
2020,Magic,-0.5946399962025055,1.300251988895627,0.2524703260312955,0.12829577216795607,1.1142092253873848
2020,Mavericks,0.7497113281356039,2.135311725354694,-0.4224810442596293,-0.5188713425088942,-1.4318573112051287
2020,Nets,-1.0702036767886856,1.0178850556774863,-0.7599788266914959,-1.1388096636494316,0.6584385866665143
2020,Nuggets,1.3511682953482795,-0.4926558906556009,-2.0310100785006706,-1.7396577910083644,0.33148085479734163
2020,Pacers,0.8780119387559088,0.2916006962241046,-2.584527508053927,-1.1973503936534438,0.778519067559204
2020,Pelicans,-0.7220742715738775,1.9962995459880843,1.0545126623693957,-1.8548574234702582,-0.8251145862728283
2020,Pistons,-2.8459939637486733,1.427766817519951,-1.7124661916013464,-0.04298497416143879,0.9128488476267349
2020,Raptors,2.3954506086726752,0.14338944698996492,-2.823236532793117,-1.4991650800493055,1.4506051085314307
2020,Rockets,1.3288444443211196,2.148376523480628,-0.6243317365193299,-1.4360308522227048,-0.031244083516624898
2020,Spurs,-1.5328737882462795,1.253758146961182,0.5835483362761211,-1.7461303966041635,0.36587783322021356
2020,Suns,-1.5712310952690212,1.576076248009027,-0.10991690437882178,-1.1520109638865426,-0.25169558254609176
2020,Thunder,1.0647528745053767,0.23832493676069544,-0.984819579304824,-1.6911880421475394,0.8754046418927028
2020,Timberwolves,-3.6915335107203466,1.629237726238121,0.8683564309202181,-1.9096977117425367,-0.3549936417382659
2020,Trail Blazers,-1.1311785259297291,1.105288996718062,1.138663366219532,-2.1746620662147147,1.79050993978828
2020,Warriors,-4.40270439189469,3.2606228643343296,1.839494016922113,1.2593493676856922,-0.23256673909733697
2020,Wizards,-3.1364233571044196,2.016354149951782,-1.8729050354402585,-1.0720415199505202,-1.5215091716983407
2021,76ers,2.5522741179399078,1.783492922480914,-1.5289087180188663,-0.010163180147921086,-0.5037800242049755
2021,Bucks,3.15594652565154,2.564491795521004,0.8192936669874564,-0.5752043919606178,-0.6768320324835584
2021,Bulls,-1.5737981942274446,1.0778669374667897,-2.120208600298659,-0.8413868351523472,-1.159909309404926
2021,Cavaliers,-2.7859542703213274,3.1002372563423393,-0.4721800651713632,2.1785894803338723,2.252983587426074
2021,Celtics,1.1122448971917762,1.2216759372480817,0.6491915583362043,-1.1004648042846756,-0.5505557018495663
2021,Clippers,3.067941904459641,2.416337099586049,2.5573363452477023,0.21809679606035087,-1.51285132675613
2021,Grizzlies,0.47271514803667686,1.9094886241229165,-0.24668357131442412,-0.8352678923739841,-0.0640801868131426
2021,Hawks,1.5115710007709102,1.5997550518352814,0.12380172734106533,-0.6072766338831598,0.6309656426628993
2021,Heat,1.3902537389212641,0.6305561271141702,0.8153929812856864,-1.1092253449806544,-0.36786399080940274
2021,Hornets,-1.2947822927354715,1.321675757017697,-1.7845723044643267,-0.6033971939938603,0.4671661781757145
2021,Jazz,3.098413066930405,2.3869963213964254,0.22824930625667686,0.33207479961170844,-1.4052400500036721
2021,Kings,-0.8364892514313467,1.9682774945270431,-0.7063527473324076,-1.5890451286721234,1.615072135273245
2021,Knicks,0.48927253992579545,0.82295350526498,-2.126323133156376,0.7611460279876379,-0.135423713692635
2021,Lakers,2.6896464164529403,0.7798198285258224,0.8545434628720042,-0.6655079725446877,-0.32193439895964127
2021,Magic,-2.8806022202087798,1.9042845994429713,0.6932520581329632,0.01495832566782686,0.9926499780295692
2021,Mavericks,1.542625278476544,2.4775363404792654,1.0013897793693356,-0.44772577460237795,1.0018512160982498
2021,Nets,2.5828703734248393,1.8944787207417126,-1.0267090358627737,-1.1957524226327887,-0.034791393963670286
2021,Nuggets,2.6712424783284643,2.0086455280615745,2.5839864282786653,-0.858558376927743,-0.24824819355793748
2021,Pacers,-0.41824938452778854,1.989358980322617,-1.0380956528090708,-1.1345095419922042,-0.3131665469459387
2021,Pelicans,-1.1620545907009707,2.081648899958829,-0.9879629931333006,-0.8452920973370156,-0.6395420578226518
2021,Pistons,-3.6908631905866076,0.6290011053565323,-0.39193498559722895,-0.5878007180765745,-1.28896092084339
2021,Raptors,-0.25931158168252894,1.1570624418551942,0.1348110575214974,-1.0224279704411747,-0.9456337297671568
2021,Rockets,-2.44227569543075,3.560915338707587,0.025543516991799006,1.5095805252642083,-0.036191550029115956
2021,Spurs,-1.0096505662360513,2.090593300999462,-1.0192371239188112,-0.4260709563445569,-0.2760668711134855
2021,Suns,3.7894397039423318,1.453970283849375,1.3211362041504175,-0.7686659439483339,-0.24007760715675075
2021,Thunder,-2.110553295197267,2.9791959680057465,-0.5723444308952035,1.1682029441310244,2.134857837034316
2021,Timberwolves,-3.049897668002647,2.2126158282257857,-0.20658781870926285,-0.9053302846074343,0.3144136382929884
2021,Trail Blazers,1.3722282757637134,3.093172431330784,0.34623147496608603,-0.41025649085938565,0.5968441898109534
2021,Warriors,0.17872506811359265,3.7623658456925684,-1.5956162963073928,1.7288761584615862,-0.17913890441692254
2021,Wizards,-0.8141660741638015,2.3356655154287957,-0.19002759762433716,-1.0640740391481975,0.6822805278565165
2022,76ers,2.057437437886848,1.4239661041383418,0.21692894351992262,-0.06745225848303929,-0.20654204012621236
2022,Bucks,2.147234723024031,3.2035080886845817,-0.08876523023190898,1.067604559464218,-0.4225648048144109
2022,Bulls,1.2843625785945707,2.156512477291138,-0.6259857541130082,0.05464558693816622,1.0234596285969149
2022,Cavaliers,0.4009519818837927,0.022205095563804657,-1.000503318724932,-0.9808988544581663,-0.12919281171393052
2022,Celtics,2.8463672755977676,1.8003191215150878,1.4214395264979163,0.7968337470601268,-1.9161248686381454
2022,Clippers,0.35652713469294495,1.908846867538243,-0.3562739829381401,0.5983987744043402,1.4226961975711532
2022,Grizzlies,3.209550000404368,3.3505435134923816,-0.5799584795082638,1.1653402036517417,-0.48019441709546934
2022,Hawks,0.6393674472876371,1.7884594255247925,0.3556626847599456,-0.3943267143003712,-0.3737100232863013
2022,Heat,3.2802864758951933,1.5430333313763174,0.21478060744255656,0.7633954687948248,-0.1265544131522028
2022,Hornets,0.14448619613095653,4.008668632332477,-0.8655767028624,1.1457639935301744,-0.3159242587580873
2022,Jazz,1.637939282427955,2.0449292016715748,-0.5790339009095381,0.5647909631974419,-0.7830353396899626
2022,Kings,-1.3527232624069723,2.0733821651472093,-0.364077153653923,-0.5576347228523626,1.2462222437472898
2022,Knicks,-0.3454771790394599,0.9244803104695616,-1.135923653139877,0.0712522774239394,-0.28321734271148524
2022,Lakers,-1.7021928175610206,1.5043312446307167,0.4368523722990433,-1.2579051374090768,0.17896828158774283
2022,Magic,-3.6238986184941058,1.431691951017236,0.783317982683476,0.1680460634692177,-0.34064850454116197
2022,Mavericks,3.105239093251669,2.0839088124636684,1.525275592494007,1.1585224775050953,0.2469679624883434
2022,Nets,0.8658846111983951,1.4727709535827633,-0.3219201169732447,-1.2832573225808157,0.5091761350593749
2022,Nuggets,0.9794826176809739,1.0832152793643355,-0.41730715810062663,-1.3341083624430905,0.0024232232282195313
2022,Pacers,-2.92415206554173,1.482928916551436,0.36334766614503194,-1.1164892553415384,-1.6019620907252177
2022,Pelicans,-0.12565669966595078,3.003456952199853,1.0616083693523481,1.285659342993165,0.48209908165362575
2022,Pistons,-3.1015983294123375,0.9575560726162514,0.6629148182144703,-0.6912928619458959,0.6395983316432227
2022,Raptors,1.4059500479283962,1.568410146043243,-0.2348442070501803,0.18785391413212946,0.009066674554174004
2022,Rockets,-3.783268343544788,2.6585500995515043,0.4544996255401056,-0.07430281845614563,0.19567715517398748
2022,Spurs,-0.861233639658405,2.4189803788542803,-1.115394371398076,0.008107044035005678,-0.723135304239941
2022,Suns,4.6530971490244175,1.8767430274117722,-2.2674877546316705,0.262004532678955,1.3355395965132113
2022,Thunder,-2.93996069142089,2.1448444319537874,0.27559543720269386,0.6958792770217656,0.958211921951803
2022,Timberwolves,1.6860651664305981,2.835737035562961,-0.3118379594620162,-0.036324890881221664,0.8133001215219506
2022,Trail Blazers,-2.6387378760777347,4.078644202152301,0.4884615992375891,2.3760158828839515,1.3146451643204622
2022,Warriors,3.823845182834328,1.6012017842377089,0.9337939243666211,0.3970725683567572,-0.6240124602233417
2022,Wizards,-1.3594276447755835,1.0471548920942255,-0.6469774619714803,-0.833420953175009,0.6456827398036952
2023,76ers,3.267831213577396,0.8084493138070431,0.1751698031888888,-1.7172928619330707,1.0458412159732207
2023,Bucks,2.290592386232076,2.5396985890749524,-0.9443630065578389,-0.4914833734574199,0.17882894355039017
2023,Bulls,0.06372651078233614,2.274652952203679,-0.3348690669809748,-0.0005685617328296557,-1.1864046316365182
2023,Cavaliers,1.1533985660352524,0.4453432670400392,-0.3321920824679756,-0.7070822084711137,-1.6469224434269556
2023,Celtics,3.38346444350395,2.1438634088690964,0.11630543436588948,-0.6292098983969489,-1.1006491312415174
2023,Clippers,0.06785283797362013,0.9903147578312305,-0.5328980816489357,-1.9236294750536724,-0.7699335118605795
2023,Grizzlies,1.8954176075293447,2.28278380017037,-1.5119525285866964,-0.06225644554018795,-0.09949050993264025
2023,Hawks,0.3693164691074617,1.8433417361514683,0.7665239019683997,-2.1441217159189834,0.055471201477905255
2023,Heat,2.0377579193151467,-0.2352446816541626,2.7037552064680974,-2.3025040722194308,0.1755181725232825
2023,Hornets,-2.731544601452891,2.2294075428742786,0.6999537618711741,-0.754429127731962,0.372389408694443
2023,Jazz,-1.0058112068189733,1.104312717405355,-0.7488940453006248,-2.528513740404133,-0.4154721718280117
2023,Kings,1.8717512435816968,2.5769928942706857,-1.3439007343337452,-1.478147695513706,0.05049980485346414
2023,Knicks,1.74625447596795,0.9608372656008887,-0.3061173574809427,-1.5826754176320357,-0.002805941440238453
2023,Lakers,0.8015338372970583,1.4950211919212242,1.3472228278718834,-2.093641923287224,-0.9526321118611775
2023,Magic,-1.0818658448651293,0.4316100481489527,-0.24139064439634733,-2.0837613766216783,-0.16461084278155527
2023,Mavericks,-0.5066247014848537,0.31727387425474257,-0.9605813713686696,-2.605501486039292,-0.1644172539931711
2023,Nets,0.7064932379669354,1.9829294463550033,0.4664044306722938,-0.7029051384889676,0.37590126353734
2023,Nuggets,3.6364503564474195,1.359778689704229,-0.3275370621826294,-1.0291543982291957,0.47339627122910877
2023,Pacers,-1.1475648474722928,0.9240365226941925,-0.27360182596424576,-3.0808056597243456,0.2716332681737856
2023,Pelicans,0.3563532985629527,1.924221028677128,-1.5153485803844144,-0.3966258632242191,-0.7634967992489374
2023,Pistons,-4.7119100584931175,2.46806899179316,1.4611483255974793,-0.32929671847664527,-1.2857597605388205
2023,Raptors,-0.23729995776580562,0.7104250348041233,-0.28400512517367726,-1.4862850125630516,-1.5490273604230624
2023,Rockets,-2.7859055084571542,2.660156580880566,0.34964253870473244,-0.2703528897538318,1.1255121435297393
2023,Spurs,-3.407281291289547,3.8899635750997974,0.10575851508820355,0.1826603211109063,0.9053737408297815
2023,Suns,1.0834164282137144,1.9378632926488273,0.9257629336721156,-0.5578563130216341,-0.6642422905434348
2023,Thunder,-0.17669289419226164,1.3258199786031684,-1.0383421383680425,-2.118653321383426,-1.390515927943528
2023,Timberwolves,0.5087796415125043,0.589756060031315,0.2608685116070671,-2.957625372555425,0.11138786675922524
2023,Trail Blazers,-1.5751761803128235,3.3021458028799944,-0.12100522754540419,0.18563840277507035,0.5738673174487873
2023,Warriors,1.0226478623672342,2.8490006382004625,-0.005034546355036128,-0.41456275813439125,-1.279150011984579
2023,Wizards,-0.9982461390558071,1.0181153767650515,-0.09052354809880553,-1.8512116055260557,0.3002333934137554
2024,76ers,1.3392943204106866,1.7225790428291174,-1.1439475153389789,-0.8510976507196799,-0.20551382182861527
2024,Bucks,1.5638472316228025,3.079904314708194,-1.2755566024904448,-0.08651388817297498,-0.09051571286393797
2024,Bulls,-0.5839833071641211,1.0234278982387688,-0.9673203286870942,-1.5705948379395627,-0.027907243195621333
2024,Cavaliers,1.418265590208437,1.6044823013061034,0.199787102343295,-0.3201358066617999,0.3101460753296383
2024,Celtics,5.6360306535351965,2.771200553085757,-1.1883342108629487,0.7847564739096151,-0.5204919900844627
2024,Clippers,1.7343895382017986,1.71399161976914,-0.08408961440304483,-0.945592823610117,-0.11127735026879602
2024,Grizzlies,-2.13351328465401,1.3644331436285024,0.5941278280730756,-0.8889201041523679,1.5825130260049507
2024,Hawks,-0.7324549201836731,2.414668480756855,-1.1847757524191904,-1.6748269032075858,0.2104100249882295
2024,Heat,0.8038574707753786,1.369477936612531,-1.292862507019069,-0.15975501493528022,-0.16778200063219273
2024,Hornets,-3.3773986513654854,2.0425818161805798,0.19165395979757757,-0.41333530475719243,1.9284927333437452
2024,Jazz,-1.4600663026162586,4.041007647673771,0.6525328803820744,0.4347424709185421,0.6028431206470858
2024,Kings,1.0930405984203075,2.7996678413845695,0.09609700132513671,-0.46016555711195484,0.4790904063360157
2024,Knicks,2.1444553353329394,2.0709494565598803,0.06661169257507366,0.11552051585408886,0.13833639986459081
2024,Lakers,1.5085611565659975,2.471469410480137,1.117904421885938,-1.3520609832921802,1.343201940826476
2024,Magic,1.1983534661562214,1.889097433615962,-1.5611940350778422,1.0991491977277008,-0.30653880129668964
2024,Mavericks,3.1016143096881947,3.631165559765045,2.5144818461670653,0.4085029383110764,0.9802863212512614
2024,Nets,-1.6068815705544608,2.4657113749907515,-0.8633934628713712,0.33664614208245525,-0.12999849617251194
2024,Nuggets,3.1461949748632456,1.3926638537803602,0.3765754390782235,-0.6583768465624809,-0.38079949899136234
2024,Pacers,1.7050245105281359,3.8575474344049643,0.7976103738391295,-0.4132749007926239,-0.9783386425356467
2024,Pelicans,1.1815330246259355,3.5278543773042434,-0.022972807017306245,1.247055391919403,-1.193356255878672
2024,Pistons,-4.884385697746895,2.0940975324014643,0.7801215274126148,-0.971637433684148,-1.1445176606585121
2024,Raptors,-2.3948697293211247,3.6352946933293975,-1.005107826588477,0.5878979091999224,0.3174679277961727
2024,Rockets,0.4171928576146087,2.1348154867915987,-1.0069772654548583,-0.1764734688116536,-0.26537600760976376
2024,Spurs,-2.9148166340681114,2.8339962310405253,1.4676031130629243,-0.5780582638308579,-0.306693287874839
2024,Suns,1.4855382974659066,1.1505093527743344,-0.8192151694020069,-1.9577971180267209,0.18952618466718482
2024,Thunder,3.326051049726415,2.98728637117419,-1.3037792530891525,0.11796838398890282,-0.5840093394672036
2024,Timberwolves,3.5664654662328834,1.3900857363635224,0.9986281898490867,-0.22862343915003083,-0.424370602826228
2024,Trail Blazers,-3.6947448211612026,2.4689934202868202,1.4536903905437535,-0.04217943914467988,0.23447210698545598
2024,Warriors,0.9652824882521832,1.6956666268416782,-0.7600086084938901,-2.0259463906184565,-0.7733057559909282
2024,Wizards,-4.577725326197898,3.075286718199193,-0.37935394589556504,-0.8566103678039015,-0.5601901409308059
