season,team_name,teamId_mean,teamId_std,opponentTeamId_mean,opponentTeamId_std,home_mean,home_std,win_mean,win_std,teamScore_mean,teamScore_std,opponentScore_mean,opponentScore_std,assists_mean,assists_std,blocks_mean,blocks_std,steals_mean,steals_std,fieldGoalsAttempted_mean,fieldGoalsAttempted_std,fieldGoalsMade_mean,fieldGoalsMade_std,fieldGoalsPercentage_mean,fieldGoalsPercentage_std,threePointersAttempted_mean,threePointersAttempted_std,threePointersMade_mean,threePointersMade_std,threePointersPercentage_mean,threePointersPercentage_std,freeThrowsAttempted_mean,freeThrowsAttempted_std,freeThrowsMade_mean,freeThrowsMade_std,freeThrowsPercentage_mean,freeThrowsPercentage_std,reboundsDefensive_mean,reboundsDefensive_std,reboundsOffensive_mean,reboundsOffensive_std,reboundsTotal_mean,reboundsTotal_std,foulsPersonal_mean,foulsPersonal_std,turnovers_mean,turnovers_std,plusMinusPoints_mean,plusMinusPoints_std,numMinutes_mean,numMinutes_std,q1Points_mean,q1Points_std,q2Points_mean,q2Points_std,q3Points_mean,q3Points_std,q4Points_mean,q4Points_std,benchPoints_mean,benchPoints_std,biggestLead_mean,biggestLead_std,biggestScoringRun_mean,biggestScoringRun_std,leadChanges_mean,leadChanges_std,pointsFastBreak_mean,pointsFastBreak_std,pointsFromTurnovers_mean,pointsFromTurnovers_std,pointsInThePaint_mean,pointsInThePaint_std,pointsSecondChance_mean,pointsSecondChance_std,timesTied_mean,timesTied_std,timeoutsRemaining_mean,timeoutsRemaining_std,seasonWins_mean,seasonWins_std,seasonLosses_mean,seasonLosses_std,coachId_mean,coachId_std,games_played_mean,games_played_std,wins_mean,wins_std,win_pct_mean,win_pct_std,opp_win_pct_mean,opp_win_pct_std,win_pct,win_pct_rank
2025.0,Atlanta Hawks,1610612737.0,0.0,1610612753.5714285,7.785823498025953,0.5714285714285714,0.5345224838248488,0.42857142857142855,0.5345224838248488,114.0,7.211102550927979,121.57142857142857,10.627905765125172,26.714285714285715,3.5456210417116725,6.428571428571429,3.909694909544003,8.571428571428571,2.9920529661723827,91.0,8.185352771872449,40.0,3.055050463303893,0.4423657770800628,0.051058813971458734,38.142857142857146,7.798046153333784,11.428571428571429,3.047247001100221,0.29944606413994174,0.051625795340036945,29.571428571428573,7.207800007795788,22.571428571428573,6.399404734221845,0.7592380952380952,0.0826388201947161,32.714285714285715,6.421689437998014,12.0,4.320493798938574,46.0,8.020806277010642,25.0,4.47213595499958,16.285714285714285,2.2146697055682836,-7.333333333333333,12.192894105447921,248.45428571428573,14.679621767542084,29.142857142857142,5.01426536422407,28.428571428571427,5.940177967511941,25.714285714285715,1.889822365046136,28.285714285714285,4.6084807950229365,45.714285714285715,15.085470777255463,6.285714285714286,6.524678426668135,8.428571428571429,3.2071349029490928,7.0,6.137317546507322,12.142857142857142,3.023715784073818,22.285714285714285,4.0708019567928595,52.857142857142854,12.157694016939386,14.142857142857142,4.845223470201398,7.142857142857143,4.810702354423639,0.8571428571428571,0.6900655593423543,1.0,0.816496580927726,1.2857142857142858,0.48795003647426655,,,7.0,0.0,0.0,0.0,0.0,0.0,,,0.0,1.0
2025.0,Boston Celtics,1610612738.0,0.0,1610612755.1666667,8.95358404725858,0.5,0.5477225575051662,0.5,0.5477225575051661,114.16666666666667,14.743360087397537,107.83333333333333,4.833908011812664,22.333333333333332,4.226897995772628,7.333333333333333,3.444802848737017,10.333333333333334,2.338090388900024,87.5,5.7532599454570095,39.0,3.162277660168379,0.44716666666666666,0.045137198258937895,45.833333333333336,5.7067211835402185,14.0,2.9664793948382653,0.30516666666666664,0.05524279741890944,27.0,8.648699324175862,22.166666666666668,7.782458908768273,0.8145000000000001,0.10139181426525518,34.833333333333336,4.4907311951024935,13.5,4.183300132670378,48.333333333333336,7.527726527090809,26.5,4.03732584763727,17.666666666666668,6.186005711819758,6.333333333333333,15.18771433319269,240.0,0.0,30.5,3.0166206257996713,27.5,9.22496612459905,28.333333333333332,5.278888771954441,27.833333333333332,6.585337247754792,43.833333333333336,21.674101288557885,21.166666666666668,11.426577206962138,13.5,3.7815340802378077,5.666666666666667,4.589843860815602,12.166666666666666,5.382068994974579,22.5,11.148990985734986,45.0,6.54217089351845,17.166666666666668,6.493586579592719,4.0,3.03315017762062,0.5,0.5477225575051661,1.1666666666666667,1.1690451944500122,1.0,0.6324555320336759,,,6.0,0.0,0.0,0.0,0.0,0.0,,,0.0,1.0
2025.0,Brooklyn Nets,1610612751.0,0.0,1342185632.0,657509485.9429924,0.5,0.5477225575051662,0.3333333333333333,0.5163977794943223,119.33333333333333,6.282250127674532,119.16666666666667,18.23641046551285,27.5,2.588435821108957,2.5,1.6431676725154984,7.833333333333333,2.0412414523193148,86.33333333333333,5.609515724790036,42.166666666666664,5.344779384283946,0.4875,0.042931340533461086,38.666666666666664,5.27888877195444,16.0,2.0,0.417,0.04816222586218372,25.5,12.30853362509117,19.0,10.13903348450926,0.7541666666666668,0.16331493093611085,30.5,3.987480407475377,13.0,2.0,43.5,5.282045058497704,27.0,2.9664793948382653,21.166666666666668,6.013872850889571,0.16666666666666666,18.37842938519684,244.16666666666666,10.206207261596575,29.666666666666668,6.4394616752230665,29.833333333333332,3.600925806881705,29.666666666666668,8.57126983980009,29.166666666666668,7.440878084384037,58.166666666666664,10.53407170407847,11.666666666666666,16.64531966249572,9.666666666666666,1.3662601021279466,4.833333333333333,3.65604522218567,10.0,5.513619500836088,18.5,5.089204259999788,46.666666666666664,9.266426855410161,19.666666666666668,4.88535225614967,4.5,2.8809720581775866,0.5,0.5477225575051662,1.0,0.8944271909999159,1.1666666666666667,0.752772652709081,,,6.0,0.0,0.0,0.0,0.0,0.0,,,0.0,1.0
2025.0,Charlotte Hornets,1610612766.0,0.0,1610612754.7142856,7.158079023673024,0.42857142857142855,0.5345224838248488,0.42857142857142855,0.5345224838248488,122.85714285714286,13.04388198132968,120.57142857142857,7.546680127869535,28.142857142857142,5.241773600241666,3.4285714285714284,0.9759000729485332,7.285714285714286,2.2886885410853175,91.57142857142857,5.191568255583371,43.0,5.32290647422377,0.4697142857142857,0.05098272349765257,43.142857142857146,5.520524474738833,16.285714285714285,1.889822365046136,0.3814285714285714,0.055874434054873266,28.285714285714285,4.270608298368658,20.571428571428573,4.27617987059879,0.7231428571428572,0.07116747518220332,35.0,3.0,14.142857142857142,2.6726124191242437,49.142857142857146,5.209880722517276,20.0,5.627314338711377,18.285714285714285,3.728908942943218,2.2857142857142856,16.829678999853066,240.0,0.0,30.571428571428573,6.1334368521284715,30.857142857142858,4.980915960897534,34.714285714285715,5.468524655221176,26.714285714285715,4.347960660443228,46.714285714285715,10.96531327587567,11.857142857142858,11.305287427107894,11.0,3.872983346207417,5.142857142857143,3.8047589248453675,12.428571428571429,6.347102826149446,19.571428571428573,5.711308748355986,48.857142857142854,9.15475416434127,17.857142857142858,2.6095064302514777,3.857142857142857,2.6726124191242437,0.42857142857142855,0.5345224838248488,1.0,0.816496580927726,1.5714285714285714,0.9759000729485331,,,7.0,0.0,0.0,0.0,0.0,0.0,,,0.0,1.0
2025.0,Chicago Bulls,1610612741.0,0.0,1610612748.2857144,9.17813132924796,0.5714285714285714,0.5345224838248488,0.7142857142857143,0.4879500364742666,118.0,4.96655480858378,115.57142857142857,9.710083124552245,30.0,2.0,5.285714285714286,2.984084768360628,8.857142857142858,3.760699023168052,88.0,7.745966692414832,41.714285714285715,2.4299715851758235,0.47585714285714287,0.03035582630198347,37.285714285714285,6.26403186758299,11.857142857142858,1.4638501094228,0.323,0.044951826065986085,30.857142857142858,2.734262327610589,22.714285714285715,2.563479777846623,0.7378571428571429,0.07117918368790267,37.57142857142857,3.0472470011002217,11.142857142857142,3.338091841585121,48.714285714285715,4.535573676110726,24.142857142857142,4.947341758580104,17.571428571428573,4.790864322059324,2.4285714285714284,6.948792289723034,240.0,0.0,29.428571428571427,3.2071349029490923,27.571428571428573,5.623081683476386,30.0,3.872983346207417,31.0,6.218252702059211,59.57142857142857,13.46423834777572,10.0,7.0,10.857142857142858,1.864454471471609,7.142857142857143,5.984105932344765,18.857142857142858,8.858678822273133,19.0,7.702813338860896,56.57142857142857,7.367883976130072,14.0,5.196152422706632,6.285714285714286,3.773340063934768,0.42857142857142855,0.5345224838248488,1.8571428571428572,0.6900655593423543,0.7142857142857143,0.9511897312113418,,,7.0,0.0,0.0,0.0,0.0,0.0,,,0.0,1.0
2025.0,Cleveland Cavaliers,1610612739.0,0.0,1610612748.0,10.119288529031378,0.3333333333333333,0.5163977794943223,0.3333333333333333,0.5163977794943222,116.0,8.390470785361213,119.66666666666667,12.209286083414815,27.166666666666668,4.622409184253019,5.833333333333333,3.371448748930742,13.0,3.794733192202055,89.83333333333333,7.277820186475253,40.166666666666664,3.3714487489307428,0.45083333333333336,0.062425689156521684,45.5,7.341661937191061,16.166666666666668,2.48327740429189,0.3655,0.08384449892509348,28.333333333333332,6.408327915038889,19.5,5.244044240850759,0.6831666666666667,0.056439052673363244,27.833333333333332,5.7067211835402185,11.166666666666666,5.671566509057851,39.0,6.811754546370561,24.166666666666668,4.5789372857319925,16.666666666666668,1.5055453054181624,-3.6666666666666665,16.536827587740845,240.0,0.0,30.833333333333332,9.239408350466315,23.333333333333332,5.819507424745384,34.166666666666664,7.808115436305145,27.666666666666668,4.4121045620731465,48.166666666666664,18.08221962776325,12.333333333333334,9.309493362512628,10.666666666666666,1.5055453054181618,4.666666666666667,3.777124126457412,18.333333333333332,6.531972647421808,23.833333333333332,6.705718952257594,41.0,7.6681158050723255,14.666666666666666,6.282250127674532,3.8333333333333335,3.1885210782848317,0.16666666666666666,0.408248290463863,0.3333333333333333,0.5163977794943222,1.8333333333333333,0.983192080250175,,,6.0,0.0,0.0,0.0,0.0,0.0,,,0.0,1.0
2025.0,Dallas Mavericks,1610612742.0,0.0,1610612759.6666667,6.713171158641871,0.6666666666666666,0.5163977794943222,0.5,0.5477225575051661,109.33333333333333,10.191499726078916,107.66666666666667,14.96217453001624,26.833333333333332,4.665476038590989,6.666666666666667,3.7237973450050514,9.333333333333334,4.226897995772629,87.5,4.764451699828637,38.5,5.958187643906492,0.43933333333333335,0.057381762491811504,33.5,10.8397416943394,10.666666666666666,2.2509257354845507,0.33,0.05789991364414977,27.333333333333332,3.777124126457412,21.666666666666668,4.457203906785808,0.7866666666666667,0.07446789017198398,37.666666666666664,6.742897497861485,9.833333333333334,4.4907311951024935,47.5,9.648834126463155,19.333333333333332,2.9439202887759484,15.833333333333334,4.875106836436168,1.6666666666666667,21.796024102268436,240.0,0.0,31.0,2.2803508501982757,26.0,7.37563556583431,24.833333333333332,5.492419017761361,27.5,5.683308895353129,52.0,19.51409746824075,16.833333333333332,11.373946837693003,12.666666666666666,5.202563470700446,5.5,4.679743582719036,21.0,9.879271228182775,21.833333333333332,9.558591249063152,47.0,14.014278433083883,12.666666666666666,2.3380903889000244,3.3333333333333335,1.8618986725025255,0.8333333333333334,0.408248290463863,1.1666666666666667,1.1690451944500122,1.0,0.6324555320336759,,,6.0,0.0,0.0,0.0,0.0,0.0,,,0.0,1.0
2025.0,Denver Nuggets,1610612743.0,0.0,1610612751.142857,7.967194623005862,0.42857142857142855,0.5345224838248488,0.5714285714285714,0.5345224838248488,115.57142857142857,15.349887544182453,112.42857142857143,15.862504456076525,26.285714285714285,3.9880774697543058,3.4285714285714284,1.8126539343499315,9.714285714285714,2.690370836538197,82.71428571428571,9.340133577101307,40.285714285714285,5.822779568622009,0.49014285714285716,0.0704424790672706,35.42857142857143,6.8033605141660916,12.571428571428571,3.3594217189442417,0.35285714285714287,0.050818069527247794,27.714285714285715,11.912378515844848,22.428571428571427,11.801936887041647,0.7865714285714286,0.13723320436742847,33.714285714285715,4.423960733486291,8.857142857142858,1.7728105208558371,42.57142857142857,4.157609203101499,22.571428571428573,2.699206232527312,16.0,7.000000000000001,3.142857142857143,10.714920616109286,243.57142857142858,9.44911182523068,30.857142857142858,5.209880722517277,33.857142857142854,4.450789122113494,24.285714285714285,8.077010290825141,25.0,7.54983443527075,44.142857142857146,12.720437249148466,14.857142857142858,8.454359258760563,11.142857142857142,3.3380918415851206,7.285714285714286,7.565586245499766,16.428571428571427,5.31843156256751,18.142857142857142,5.984105932344765,47.42857142857143,11.872336794093274,14.142857142857142,4.8452234702013985,5.0,5.131601439446885,0.5714285714285714,0.5345224838248488,1.4285714285714286,1.2724180205607034,1.1428571428571428,0.3779644730092272,,,7.0,0.0,0.0,0.0,0.0,0.0,,,0.0,1.0
2025.0,Detroit Pistons,1610612765.0,0.0,1610612750.1666667,10.888832234650991,0.16666666666666666,0.408248290463863,0.5,0.5477225575051661,114.0,9.338094023943002,111.83333333333333,7.305249254246338,27.5,4.54972526643093,8.166666666666666,3.430257521916783,10.0,3.03315017762062,86.66666666666667,8.041558721209878,41.833333333333336,4.875106836436168,0.48300000000000004,0.040875420487133836,32.5,6.9498201415576215,11.666666666666666,3.8297084310253524,0.35233333333333333,0.05291376632471616,27.666666666666668,7.420691791650335,18.666666666666668,4.0824829046386295,0.6863333333333334,0.0741583890511833,32.833333333333336,4.020779360604939,12.666666666666666,3.141125063837266,45.5,5.504543577809154,27.5,2.664582518894845,16.833333333333332,5.307227776030219,2.1666666666666665,14.565942010960592,240.0,0.0,27.666666666666668,5.125101625008685,34.333333333333336,9.266426855410161,25.0,6.928203230275509,27.0,4.09878030638384,52.333333333333336,10.595596569644705,12.666666666666666,9.157874571463985,10.333333333333334,4.320493798938574,9.166666666666666,9.108603991099113,15.5,6.252999280345393,20.333333333333332,4.226897995772629,55.0,9.612491872558332,15.666666666666666,8.189424074174365,7.0,5.176871642217914,0.5,0.5477225575051661,1.0,0.6324555320336759,1.1666666666666667,0.752772652709081,,,6.0,0.0,0.0,0.0,0.0,0.0,,,0.0,1.0
2025.0,Golden State Warriors,1610612744.0,0.0,1610612750.125,5.841660724595992,0.5,0.5345224838248488,0.625,0.5175491695067657,119.0,10.37854930682924,118.5,13.071233409940428,29.375,4.0333431719675366,3.875,1.3562026818605373,10.25,1.6690459207925603,86.75,6.584614100852295,41.125,5.303300858899106,0.472875,0.03340418066222079,44.0,3.8544964466377256,16.75,1.6690459207925603,0.38225,0.04122325973109287,25.0,11.071198154284321,20.0,9.516902257112267,0.786875,0.056554493316497034,32.375,6.41287766919033,9.875,1.2464234547582256,42.25,6.453127702351562,22.625,3.7008686239082538,19.5,5.477225575051661,0.5,10.63686312513502,243.125,8.838834764831844,25.875,3.6030740843261686,28.625,4.808846015417836,33.625,5.878228596147944,28.75,11.348379368249647,52.375,18.157544673535256,9.75,7.573449864965296,10.5,2.9760952365713798,5.5,3.1622776601683795,18.25,5.365231988061121,23.25,3.654742515847438,45.0,11.513966674062791,13.375,3.77728171346236,5.125,3.181980515339464,0.5,0.5345224838248488,2.0,0.7559289460184545,0.625,0.7440238091428449,,,8.0,0.0,0.0,0.0,0.0,0.0,,,0.0,1.0
2025.0,Houston Rockets,1610612745.0,0.0,1610612750.1666667,13.467244192799937,0.5,0.5477225575051662,0.6666666666666666,0.5163977794943222,126.66666666666667,10.03327796219494,120.5,6.862943974709396,24.833333333333332,5.845225972250061,5.333333333333333,1.7511900715418263,10.333333333333334,4.412104562073146,91.5,7.476630257007497,42.833333333333336,6.7946057035465035,0.4665802469135802,0.049597693797145695,35.5,8.432081593533118,13.0,3.286335345030997,0.3721274509803922,0.0657299541630688,33.5,7.556454194925025,28.0,5.059644256269407,0.8425238095238096,0.058834785397663486,33.5,4.969909455915671,14.833333333333334,3.65604522218567,50.166666666666664,7.521081482517436,20.166666666666668,6.431692364119002,16.166666666666668,3.8166302763912916,5.6,9.44986772394196,247.015,21.29463195267765,27.833333333333332,4.070217029430577,32.833333333333336,8.035338615557324,33.166666666666664,7.386925386564201,29.5,5.089204259999788,42.666666666666664,20.274779078122325,14.0,4.427188724235731,9.333333333333334,2.9439202887759484,11.5,6.284902544988268,15.833333333333334,12.139467313958495,22.666666666666668,9.070097390142328,49.666666666666664,11.201190412927845,18.0,8.024961059095553,7.833333333333333,3.65604522218567,0.8333333333333334,0.752772652709081,1.6666666666666667,1.632993161855452,0.5,0.8366600265340756,,,6.0,0.0,0.0,0.0,0.0,0.0,,,0.0,1.0
2025.0,Indiana Pacers,1610612754.0,0.0,1610612758.5,4.415880449361276,0.5,0.5477225575051661,0.3333333333333333,0.5163977794943223,116.83333333333333,14.797522315126496,126.83333333333333,13.905634349668004,26.5,4.230839160261236,5.166666666666667,1.4719601443879746,8.333333333333334,3.8297084310253524,91.66666666666667,8.140434058861153,40.833333333333336,3.970726214015097,0.446,0.03172380809423733,43.666666666666664,3.0110906108363227,15.0,3.5777087639996634,0.3455,0.08729891179161399,25.833333333333332,9.389710680668848,20.166666666666668,6.6758270399005,0.7919999999999999,0.07275713023477497,34.333333333333336,7.991662321861871,12.5,2.8106938645110393,46.833333333333336,7.222649560006816,28.333333333333332,5.853773711604051,19.166666666666668,4.792355023020171,-10.0,16.637307474468336,252.5,20.916500663351894,28.5,5.39444158370447,30.666666666666668,5.125101625008686,29.333333333333332,2.422120283277993,22.833333333333332,8.352644291879468,58.666666666666664,20.66559136987535,11.333333333333334,10.911767348448494,10.666666666666666,2.9439202887759492,8.0,5.727128425310541,20.0,4.560701700396552,20.333333333333332,8.824209124146293,44.666666666666664,10.782702196883056,15.166666666666666,4.167333280008532,8.5,5.75325994545701,0.5,0.5477225575051661,1.1666666666666667,0.983192080250175,1.0,0.8944271909999159,,,6.0,0.0,0.0,0.0,0.0,0.0,,,0.0,1.0
2025.0,Jerusalem B.C.,50014.0,,1610612751.0,,0.0,,0.0,,88.0,,123.0,,18.0,,2.0,,10.0,,77.0,,28.0,,0.364,,29.0,,6.0,,0.207,,37.0,,26.0,,0.703,,25.0,,13.0,,38.0,,17.0,,13.0,,-35.0,,240.0,,22.0,,23.0,,21.0,,22.0,,33.0,,2.0,,5.0,,1.0,,6.0,,8.0,,34.0,,10.0,,2.0,,1.0,,0.0,,1.0,,,,1.0,,0.0,,0.0,,,,0.0,1.0
2025.0,LA Clippers,1610612746.0,0.0,1342179796.8333333,657523771.7754205,0.5,0.5477225575051662,0.6666666666666666,0.5163977794943223,114.66666666666667,17.500476183997584,103.66666666666667,13.291601358251258,30.166666666666668,6.5243135015621885,5.666666666666667,2.250925735484551,9.5,1.8708286933869707,81.83333333333333,5.344779384283945,41.833333333333336,6.369196704975179,0.5123333333333333,0.08066639118410261,36.5,6.442049363362562,13.166666666666666,4.875106836436169,0.36400000000000005,0.130301189557118,24.166666666666668,2.48327740429189,17.833333333333332,3.060501048303475,0.7361666666666666,0.08091332811512984,32.833333333333336,4.875106836436168,11.166666666666666,3.430257521916783,44.0,4.049691346263317,18.833333333333332,5.307227776030219,16.0,2.9664793948382653,11.0,24.698178070456937,240.0,0.0,29.166666666666668,5.7067211835402185,30.166666666666668,7.9603182515943836,31.833333333333332,9.683318990236078,23.5,4.969909455915671,61.166666666666664,23.232879000818357,21.666666666666668,18.661904154363956,11.0,2.8284271247461903,6.666666666666667,7.447594690010102,16.833333333333332,7.67897562612792,22.833333333333332,4.665476038590989,49.333333333333336,7.004760286167305,13.833333333333334,6.911343333004567,4.833333333333333,4.915960401250875,1.0,0.0,1.3333333333333333,1.0327955589886444,0.8333333333333334,0.408248290463863,,,6.0,0.0,0.0,0.0,0.0,0.0,,,0.0,1.0
2025.0,Loong-Lions,15018.0,0.0,1610612751.6666667,6.658328085655783,0.0,0.0,0.0,0.0,85.66666666666667,10.692676621563626,131.66666666666666,11.676186592091327,16.333333333333332,4.618802153517007,2.6666666666666665,2.0816659994661326,9.666666666666666,2.5166114784235836,74.33333333333333,2.516611478423585,27.0,2.6457513110645907,0.3626666666666667,0.02569695182961068,34.0,3.0,10.333333333333334,5.033222956847166,0.2966666666666667,0.12427523217976032,26.0,3.4641016151377544,21.333333333333332,2.5166114784235827,0.8223333333333334,0.045785732857881956,20.0,1.0,6.666666666666667,3.055050463303893,26.666666666666668,2.886751345948128,22.0,5.291502622129181,19.666666666666668,1.5275252316519465,-46.0,14.52583904633395,240.0,0.0,24.0,5.291502622129181,24.333333333333332,9.073771725877465,16.333333333333332,9.71253485622231,21.0,4.358898943540674,35.333333333333336,1.1547005383792526,1.3333333333333333,1.1547005383792517,5.666666666666667,1.1547005383792515,2.6666666666666665,3.7859388972001824,7.0,2.0,17.333333333333332,3.785938897200183,22.666666666666668,10.263202878893768,8.0,3.4641016151377544,3.0,1.0,0.6666666666666666,0.5773502691896258,0.0,0.0,2.0,1.0,,,3.0,0.0,0.0,0.0,0.0,0.0,,,0.0,1.0
2025.0,Los Angeles Lakers,1610612747.0,0.0,1610612749.25,6.58461409503308,0.75,0.4629100498862757,0.25,0.46291004988627577,107.625,15.828884086649047,113.75,5.77556428906673,22.75,6.065122775815365,4.75,2.6049403612586386,7.625,2.2638462845343543,80.5,4.598136268408879,37.125,6.957780844904091,0.46187500000000004,0.09202862520511136,34.25,5.470701182533318,11.25,3.24037034920393,0.331625,0.09090330419894381,29.25,5.800246300189083,22.125,5.249149590988185,0.75425,0.06565439817712136,31.5,4.27617987059879,10.0,2.6186146828319083,41.5,5.3718844791323335,19.625,3.997767233987349,16.625,4.657942525560891,-6.125,15.037453241822567,240.0,0.0,29.25,7.025463889106743,30.375,4.033343171967536,25.125,7.395703385846986,22.875,8.288330867637256,34.625,15.864943383807855,12.625,8.348438690643214,9.375,1.7677669529663689,4.375,3.543101950067402,10.25,4.39967531269557,15.5,5.855400437691199,43.75,13.155661464610152,12.75,5.548487567410986,4.125,2.850438562747845,0.5,0.5345224838248488,0.625,0.5175491695067657,2.375,1.5059406173077154,,,8.0,0.0,0.0,0.0,0.0,0.0,,,0.0,1.0
2025.0,Memphis Grizzlies,1610612763.0,0.0,1610612749.5,11.439280709803393,0.75,0.4629100498862757,0.375,0.5175491695067657,119.75,11.889371003427513,126.5,13.887301496588274,25.375,4.808846015417838,5.0,3.1622776601683795,7.875,2.587745847533828,89.625,6.232117273791126,39.375,4.533604683755678,0.440625,0.053689417685690834,44.25,7.796519369931321,15.75,5.994044663544928,0.350875,0.10339306069558055,33.0,11.032419757890183,25.25,8.345229603962801,0.770875,0.06844066773490744,31.875,6.424006315599102,11.75,2.815771906346718,43.625,6.926914382114366,24.875,3.9798600118956093,15.75,5.496752287877426,-6.75,20.817231873069552,240.0,0.0,28.125,6.151364540838538,27.75,5.849297882163784,31.375,8.192984804086969,32.5,6.324555320336759,56.25,15.322718893385543,11.25,10.593124454771864,11.625,3.543101950067402,6.0,5.042675027063654,15.75,4.334248987508019,19.75,7.206148168652337,42.75,11.853269591129695,13.875,5.718079098038832,4.5,3.6645015252516173,0.875,0.3535533905932738,0.625,0.7440238091428449,2.0,1.5118578920369088,,,8.0,0.0,0.0,0.0,0.0,0.0,,,0.0,1.0
2025.0,Miami Heat,1610612748.0,0.0,1610612753.75,8.481071359798875,0.5,0.5345224838248488,0.125,0.3535533905932738,116.5,15.883504471171157,120.0,11.288426437221949,25.875,4.323936698360486,4.125,1.246423454758225,9.0,3.7032803990902057,92.375,10.432606851323674,41.5,7.191264542087554,0.44925000000000004,0.058487483398465004,32.625,3.961871851969543,11.25,4.267819784654187,0.34325,0.11096556737500665,29.25,5.035587637718447,22.25,3.654742515847438,0.76275,0.04648425232576849,35.625,9.303417190934276,13.0,4.928053803045811,48.625,12.328103781893745,25.625,3.204349722308278,18.0,2.7774602993176543,-3.5,15.32504952217587,243.125,8.838834764831843,32.0,7.050835816716038,29.875,6.556076788533128,25.5,6.094494002200441,27.125,4.015594601052253,57.625,17.41048534648015,13.875,12.944248584934215,11.25,3.453776401067595,11.625,5.475595205741825,15.25,6.840008354213779,21.125,4.580626906564522,56.0,10.796824930109246,16.0,8.106434833777776,9.75,5.574175147179049,0.5,0.5345224838248488,0.125,0.3535533905932738,2.875,1.9594095320493143,,,8.0,0.0,0.0,0.0,0.0,0.0,,,0.0,1.0
2025.0,Milwaukee Bucks,1610612749.0,0.0,1610612756.5,9.731392515262257,0.5,0.5477225575051661,0.8333333333333334,0.408248290463863,119.0,10.75174404457249,112.83333333333333,10.3424690798023,25.666666666666668,3.265986323710904,4.5,1.2247448713915892,8.5,4.230839160261236,86.16666666666667,10.571975532825768,41.833333333333336,6.431692364119002,0.4851666666666667,0.03814926823238771,42.333333333333336,4.226897995772629,16.833333333333332,2.7141603981096383,0.3988333333333333,0.06285035136470335,26.0,7.26636084983398,18.5,6.284902544988268,0.7085,0.0828414147633899,36.333333333333336,4.926120853842977,6.833333333333333,4.167333280008532,43.166666666666664,7.3325757184407365,24.166666666666668,2.786873995477131,14.666666666666666,4.676180777800049,6.166666666666667,5.741660619251774,240.0,0.0,33.666666666666664,4.718756898449703,27.166666666666668,3.8686776379877736,28.5,7.035623639735144,29.666666666666668,5.609515724790034,56.333333333333336,8.286535263104035,12.166666666666666,5.382068994974579,10.0,2.0976176963403033,10.833333333333334,9.410986487434071,11.666666666666666,5.163977794943222,19.0,4.1952353926806065,41.333333333333336,15.161354381013153,10.166666666666666,4.355073669487885,8.166666666666666,6.3377177806105145,0.8333333333333334,0.408248290463863,2.0,0.8944271909999159,0.16666666666666666,0.408248290463863,,,6.0,0.0,0.0,0.0,0.0,0.0,,,0.0,1.0
2025.0,Minnesota Timberwolves,1610612750.0,0.0,1409288033.375,569432288.9799292,0.25,0.4629100498862757,0.375,0.5175491695067657,118.375,13.287346289932064,114.875,19.708138275486963,26.25,5.418223219575109,5.25,2.3145502494313788,8.625,3.0207614933986426,87.5,5.9521904731427595,42.375,5.950690236074659,0.48425,0.06230053886490182,33.875,3.356762896431194,14.375,2.326094212561969,0.42862500000000003,0.0833237018243566,25.375,7.707834604200734,19.25,6.819090848492928,0.74975,0.10818073501585866,32.875,5.5917669070569405,12.125,2.356601669474803,45.0,5.9281411203561225,24.75,3.5355339059327378,17.875,4.454131308603925,3.5,24.669240534954227,246.25,11.572751247156896,31.0,6.7612340378281335,27.5,5.424810727442151,29.375,3.7008686239082538,28.625,8.348438690643214,53.625,24.047200609277937,15.375,19.456453207832396,11.25,4.166190448976482,6.625,7.799954212319821,16.375,5.878228596147944,20.875,6.664136424602537,48.5,11.250396818398386,16.375,4.138236339311713,3.5,3.854496446637726,0.875,0.3535533905932738,1.375,0.5175491695067657,1.625,1.407885953173359,,,8.0,0.0,0.0,0.0,0.0,0.0,,,0.0,1.0
2025.0,New Orleans Pelicans,1610612740.0,0.0,1073752674.8333333,831700059.9652631,0.6666666666666666,0.5163977794943222,0.3333333333333333,0.5163977794943223,120.83333333333333,8.03533861555732,116.5,17.592612085759182,23.666666666666668,4.926120853842978,4.833333333333333,2.5625508125043424,9.5,1.8708286933869707,93.66666666666667,7.201851613763415,44.833333333333336,3.3115957885386096,0.4808333333333334,0.0513942279508766,32.333333333333336,3.559026084010437,9.666666666666666,1.3662601021279464,0.30266666666666664,0.05754186881451338,27.333333333333332,4.760952285695233,21.5,2.588435821108957,0.7973333333333333,0.09621572982972522,31.5,3.834057902536163,14.5,1.8708286933869709,46.0,2.6076809620810595,23.833333333333332,3.763863263545405,15.0,1.2649110640673515,4.333333333333333,16.231656313102082,244.16666666666666,10.206207261596576,29.333333333333332,5.316640543300503,33.0,4.381780460041329,26.0,5.1380930314660525,31.0,6.572670690061992,55.666666666666664,14.637850479720944,13.166666666666666,13.257702163899545,10.333333333333334,1.632993161855452,5.0,5.291502622129181,15.833333333333334,5.076087732365022,20.833333333333332,4.119061381755152,66.0,5.932958789676531,19.333333333333332,2.250925735484551,4.0,3.16227766016838,0.5,0.5477225575051662,1.1666666666666667,0.983192080250175,1.0,0.8944271909999159,,,6.0,0.0,0.0,0.0,0.0,0.0,,,0.0,1.0
2025.0,New York Knicks,1610612752.0,0.0,1610612752.4285715,10.997835259221478,0.8571428571428571,0.37796447300922725,0.8571428571428571,0.37796447300922725,107.42857142857143,7.612646120264683,102.42857142857143,12.011898862615945,22.714285714285715,2.8115408417381933,3.7142857142857144,1.3801311186847085,9.142857142857142,3.023715784073818,89.14285714285714,6.743603671345942,36.42857142857143,2.5727509827123995,0.4105714285714286,0.04013251858056067,43.857142857142854,7.010196655077312,13.857142857142858,3.338091841585121,0.3162857142857143,0.06316041557208196,27.142857142857142,6.792853387410709,20.714285714285715,6.129553700835696,0.7598571428571429,0.08325548744963421,33.142857142857146,5.304984179322041,14.714285714285714,4.956957592256421,47.857142857142854,8.27503416767511,21.714285714285715,2.984084768360628,14.714285714285714,2.3603873774083293,5.0,10.279429296739517,243.57142857142858,9.449111825230679,26.857142857142858,4.980915960897534,29.714285714285715,7.432233529572065,23.571428571428573,3.2071349029490923,25.857142857142858,4.810702354423639,47.285714285714285,17.172791325371712,16.142857142857142,8.194074514114277,13.142857142857142,2.794552524023087,4.571428571428571,3.25868802112869,15.571428571428571,5.968169536721256,21.428571428571427,3.779644730092272,40.857142857142854,5.756983337031396,16.714285714285715,6.421689437998014,2.857142857142857,1.6761634196950517,0.8571428571428571,0.37796447300922725,2.2857142857142856,1.1126972805283735,0.2857142857142857,0.4879500364742666,,,7.0,0.0,0.0,0.0,0.0,0.0,,,0.0,1.0
2025.0,Oklahoma City Thunder,1610612760.0,0.0,1610612750.6666667,10.295630145690819,0.3333333333333333,0.5,0.7777777777777778,0.44095855184409843,115.55555555555556,17.819309127398228,112.66666666666667,12.874393189583733,24.11111111111111,6.132789830991366,4.777777777777778,3.3082388735465345,11.333333333333334,3.1622776601683795,91.44444444444444,7.160850352980278,40.22222222222222,6.796649501367894,0.44,0.0657533269120278,44.44444444444444,7.055336829505574,14.333333333333334,2.7838821814150108,0.32499999999999996,0.05465116650173168,25.22222222222222,10.86022303842994,20.77777777777778,9.909310997463166,0.8173333333333334,0.04986983055916675,35.333333333333336,7.262919523166974,10.11111111111111,2.7588242262078078,45.44444444444444,6.948221195225278,23.77777777777778,5.380004130522991,14.88888888888889,2.522124325070259,2.888888888888889,12.584161120675112,251.11111111111111,22.04792759220493,27.88888888888889,5.532730890899278,29.444444444444443,6.1259919831630345,26.666666666666668,9.027735042633894,26.11111111111111,4.342938073598461,48.0,13.811227316933131,12.666666666666666,9.300537618869138,11.333333333333334,3.391164991562634,7.666666666666667,8.246211251235321,12.11111111111111,3.2574700476153438,24.444444444444443,5.341140119654022,41.77777777777778,9.351173426070359,13.444444444444445,6.444204976393735,6.666666666666667,5.958187643906492,0.5555555555555556,0.5270462766947299,2.111111111111111,1.0540925533894598,0.8888888888888888,0.927960727138337,,,9.0,0.0,0.0,0.0,0.0,0.0,,,0.0,1.0
2025.0,Orlando Magic,1610612753.0,0.0,1610612745.2857144,6.210590066437663,0.7142857142857143,0.4879500364742666,0.7142857142857143,0.4879500364742666,119.42857142857143,12.380860805522136,112.42857142857143,9.571783930858846,22.714285714285715,6.2905825303725695,6.571428571428571,2.439750182371333,7.857142857142857,1.2149857925879117,87.14285714285714,7.312741652498773,40.0,4.2426406871192865,0.4612857142857143,0.05679117973099429,32.42857142857143,5.50324579550235,10.714285714285714,3.773340063934768,0.3241428571428572,0.1027933664711697,35.857142857142854,3.5790395093549625,28.714285714285715,4.923220007078217,0.7981428571428572,0.08009458694033483,34.57142857142857,4.117326918327102,16.0,5.41602560309064,50.57142857142857,7.870983480631945,24.142857142857142,3.2366943748507477,18.428571428571427,2.63673679998231,7.0,13.552367566837415,240.0,0.0,31.714285714285715,6.945365018348225,28.0,6.082762530298219,29.285714285714285,5.908025211926732,30.428571428571427,8.18244345855081,55.857142857142854,22.733445049299586,15.571428571428571,9.10781976942786,10.428571428571429,3.1547394428670255,9.142857142857142,5.843188953205018,13.857142857142858,4.740906081772816,19.142857142857142,4.947341758580104,53.42857142857143,4.859943170351647,25.857142857142858,9.529403119268478,7.714285714285714,5.219012860502955,0.8571428571428571,0.37796447300922725,1.8571428571428572,1.2149857925879117,0.42857142857142855,0.7867957924694432,,,7.0,0.0,0.0,0.0,0.0,0.0,,,0.0,1.0
2025.0,Philadelphia 76ers,1610612755.0,0.0,1610612751.8333333,8.908797150115065,0.6666666666666666,0.5163977794943223,0.5,0.5477225575051661,109.0,16.61324772583615,114.5,9.894442884771228,23.166666666666668,4.3089055068157,5.333333333333333,0.816496580927726,10.166666666666666,4.355073669487884,87.33333333333333,8.594571930391105,37.666666666666664,6.3770421565696624,0.43016666666666664,0.051859103990202764,36.333333333333336,2.804757862395017,11.666666666666666,5.465040408511785,0.3163333333333333,0.13517494836938787,28.0,5.176871642217914,22.0,4.47213595499958,0.7858333333333333,0.08130293147646442,30.166666666666668,4.665476038590989,11.5,2.428991560298224,41.666666666666664,4.1311822359545785,24.666666666666668,2.250925735484551,16.666666666666668,2.422120283277993,-5.5,16.109003693587013,240.0,0.0,28.666666666666668,4.885352256149669,27.0,5.796550698475776,24.0,7.402702209328699,29.333333333333332,11.97775716345371,41.5,14.237275020171522,9.5,6.348228099241551,9.666666666666666,1.8618986725025253,6.666666666666667,6.15358973824764,19.333333333333332,9.993331109628393,21.666666666666668,5.316640543300502,48.0,12.066482503198683,18.5,5.128352561983234,6.0,5.513619500836088,0.6666666666666666,0.5163977794943222,0.6666666666666666,0.816496580927726,1.5,1.378404875209022,,,6.0,0.0,0.0,0.0,0.0,0.0,,,0.0,1.0
2025.0,Phoenix,50013.0,,1610612740.0,,0.0,,0.0,,92.0,,127.0,,24.0,,6.0,,7.0,,103.0,,35.0,,0.34,,46.0,,8.0,,0.174,,20.0,,14.0,,0.7,,22.0,,20.0,,42.0,,21.0,,10.0,,-35.0,,240.0,,21.0,,34.0,,20.0,,17.0,,39.0,,0.0,,7.0,,0.0,,5.0,,14.0,,48.0,,21.0,,2.0,,1.0,,0.0,,1.0,,,,1.0,,0.0,,0.0,,,,0.0,1.0
2025.0,Phoenix Suns,1610612756.0,0.0,1610612749.0,4.864839839775475,0.42857142857142855,0.5345224838248488,0.5714285714285714,0.5345224838248488,112.85714285714286,10.415190371577012,114.42857142857143,18.054151349547865,26.0,2.581988897471611,5.857142857142857,2.544836041121407,10.857142857142858,3.804758924845367,93.0,5.163977794943222,41.0,3.958114029012639,0.4401428571428571,0.021751847212199173,42.0,5.32290647422377,13.714285714285714,2.690370836538197,0.3251428571428572,0.03844662348169026,24.0,11.874342087037917,17.142857142857142,9.702724212449674,0.684142857142857,0.1657502424044769,27.857142857142858,6.362090102803518,14.428571428571429,4.27617987059879,42.285714285714285,6.77530529974568,28.285714285714285,5.437961803049793,16.0,3.7416573867739413,-1.5714285714285714,17.347979160478058,243.57142857142858,9.449111825230682,28.0,5.597618541248889,27.285714285714285,6.317021600783229,30.857142857142858,5.33630869386231,25.142857142857142,5.490251100164468,41.0,15.631165450257807,10.714285714285714,8.538428538364768,10.285714285714286,1.1126972805283737,4.428571428571429,2.8784916685156974,16.142857142857142,6.792853387410709,26.285714285714285,8.118174789000413,49.142857142857146,11.936339073442513,16.571428571428573,5.41162769282166,4.285714285714286,2.4976179127511156,0.8571428571428571,0.37796447300922725,1.5714285714285714,0.7867957924694432,0.7142857142857143,0.7559289460184545,,,7.0,0.0,0.0,0.0,0.0,0.0,,,0.0,1.0
2025.0,Portland Trail Blazers,1610612757.0,0.0,1610612750.3333333,7.941452422426081,0.6666666666666666,0.5163977794943223,0.3333333333333333,0.5163977794943223,123.33333333333333,10.17185659880568,123.16666666666667,6.047037842337905,24.5,4.764451699828638,4.333333333333333,2.1602468994692865,10.166666666666666,2.9944392908634274,95.16666666666667,6.554896388705674,42.0,4.69041575982343,0.44283333333333336,0.05624025841571735,43.0,7.26636084983398,14.166666666666666,4.445971959725642,0.3303333333333333,0.09166387874548328,33.0,4.9396356140913875,25.166666666666668,3.5449494589721118,0.7698333333333333,0.10521676038857437,31.833333333333332,3.250640962435972,15.5,6.0909769331364245,47.333333333333336,8.382521498133285,28.833333333333332,7.13909424693824,17.666666666666668,1.5055453054181622,0.16666666666666666,10.107752800037536,240.0,0.0,33.5,4.230839160261236,30.833333333333332,6.853223086013373,31.666666666666668,5.316640543300504,27.333333333333332,5.7850381733111025,52.666666666666664,16.883917396939218,15.833333333333334,6.6156380392723015,10.833333333333334,3.2506409624359724,9.5,4.5934736311423405,17.5,8.502940667792526,19.833333333333332,7.026141662866375,52.0,11.865917579353061,16.666666666666668,5.5377492419453835,5.333333333333333,2.581988897471611,0.5,0.5477225575051661,0.6666666666666666,0.5163977794943223,1.5,0.8366600265340757,,,6.0,0.0,0.0,0.0,0.0,0.0,,,0.0,1.0
2025.0,Sacramento Kings,1610612758.0,0.0,1610612754.8333333,6.853223109090251,0.5,0.5477225575051661,0.3333333333333333,0.5163977794943222,112.33333333333333,12.258330500792782,117.16666666666667,9.600347215943115,23.333333333333332,2.160246899469287,5.5,4.03732584763727,8.833333333333334,1.3291601358251257,86.16666666666667,7.082843120291926,41.833333333333336,3.060501048303474,0.48783333333333334,0.04482595974060867,32.333333333333336,5.955389715767279,11.0,2.0976176963403033,0.35033333333333333,0.08871677781945571,24.0,10.99090533122727,17.666666666666668,8.914407813571616,0.7298333333333332,0.08350189618605479,31.166666666666668,4.308905506815701,8.666666666666666,3.141125063837266,39.833333333333336,5.192943930629973,23.0,5.215361924162119,15.0,2.280350850198276,-4.833333333333333,7.305249254246337,240.0,0.0,28.666666666666668,6.022181221672648,27.0,8.899438184514795,25.333333333333332,3.5023801430836525,31.333333333333332,6.860515043833565,50.5,15.90911688309568,8.833333333333334,5.741660619251775,8.833333333333334,1.3291601358251257,6.0,4.2895221179054435,11.166666666666666,4.535048695071164,20.5,6.442049363362563,49.0,8.074651695274541,14.333333333333334,7.2571803523590805,5.333333333333333,4.546060565661952,0.3333333333333333,0.5163977794943223,0.3333333333333333,0.5163977794943222,1.8333333333333333,0.983192080250175,,,6.0,0.0,0.0,0.0,0.0,0.0,,,0.0,1.0
2025.0,San Antonio Spurs,1610612759.0,0.0,1380527359.7142856,608748723.0052366,0.42857142857142855,0.5345224838248488,1.0,0.0,123.85714285714286,7.8193898190880065,106.42857142857143,14.16400535226698,27.857142857142858,3.3380918415851206,6.714285714285714,3.8172540616821107,9.857142857142858,5.17779140266618,88.85714285714286,5.727959829601098,44.714285714285715,3.147183169877773,0.5047142857142858,0.04543755526622694,36.714285714285715,8.673989580239029,13.0,2.3804761428476167,0.36200000000000004,0.05432617539762333,29.142857142857142,5.956189257922424,21.428571428571427,5.826867164470196,0.7302857142857143,0.0796130522919332,34.857142857142854,3.8913824205360674,14.571428571428571,2.9920529661723827,49.42857142857143,5.380741673076394,23.285714285714285,3.9880774697543058,17.428571428571427,3.5050983275386565,17.428571428571427,13.40220308826305,247.14285714285714,12.198750911856667,33.142857142857146,3.4846602621858476,32.42857142857143,5.380741673076394,27.714285714285715,6.651172470932868,27.0,4.163331998932265,55.57142857142857,14.31615803741985,22.142857142857142,10.869354035215578,11.571428571428571,1.7182493859684491,10.857142857142858,6.718843437888484,20.571428571428573,8.38365757206926,23.714285714285715,5.089672082242814,56.0,8.164965809277259,20.714285714285715,5.023753102820164,8.714285714285714,4.029651999626672,0.8571428571428571,0.37796447300922725,2.5714285714285716,1.511857892036909,0.0,0.0,,,7.0,0.0,0.0,0.0,0.0,0.0,,,0.0,1.0
2025.0,Toronto Raptors,1610612761.0,0.0,1610612747.25,10.05342870144496,0.5,0.5345224838248488,0.625,0.5175491695067657,117.375,11.287635460348383,114.375,5.95069023607466,29.75,5.496752287877426,4.0,2.7774602993176547,11.5,2.6186146828319083,94.125,6.957780844904091,42.25,5.496752287877427,0.45175,0.07073845185914496,36.25,9.035643703846294,12.375,4.274091382136927,0.34375,0.09892240826598825,26.375,4.65794252556089,20.5,4.035556254807296,0.780875,0.09434653071068831,31.5,8.847921466972585,13.875,2.5319388392523,45.375,9.226321043622965,27.0,4.27617987059879,14.875,3.226563851175781,3.0,8.263517065131184,240.0,0.0,28.0,7.445036697597362,29.0,4.375255094603872,32.625,6.345695954176905,27.75,4.803272693844122,47.25,17.669586461326304,13.0,10.488088481701515,10.625,2.559994419636775,7.5,5.451081150953975,23.25,9.067209367511357,26.125,7.529703086538577,53.75,16.228282190581442,16.375,3.583194903195431,5.125,4.120939559996343,0.375,0.5175491695067657,1.875,1.3562026818605373,1.125,0.6408699444616557,,,8.0,0.0,0.0,0.0,0.0,0.0,,,0.0,1.0
2025.0,United,15016.0,,1610612740.0,,0.0,,0.0,,97.0,,107.0,,23.0,,1.0,,7.0,,91.0,,36.0,,0.396,,41.0,,12.0,,0.293,,20.0,,13.0,,0.65,,35.0,,13.0,,48.0,,18.0,,17.0,,-10.0,,240.0,,24.0,,27.0,,28.0,,18.0,,39.0,,1.0,,7.0,,2.0,,7.0,,23.0,,38.0,,12.0,,2.0,,0.0,,0.0,,1.0,,,,1.0,,0.0,,0.0,,,,0.0,1.0
2025.0,Utah Jazz,1610612762.0,0.0,1610612751.1666667,7.626707468111958,0.5,0.5477225575051662,0.3333333333333333,0.5163977794943222,120.5,14.067693485429656,121.66666666666667,14.596803303006677,29.5,6.3796551630946325,3.3333333333333335,2.065591117977289,8.666666666666666,1.8618986725025257,86.83333333333333,1.169045194450009,42.166666666666664,5.776388721914987,0.48533333333333334,0.0621020665249287,41.0,3.1622776601683786,14.833333333333334,3.1885210782848317,0.35883333333333334,0.052852309946365306,26.0,12.033287165193059,21.333333333333332,11.413442367080435,0.7936666666666667,0.1204851304795188,33.0,4.690415759823429,10.666666666666666,2.3380903889000244,43.666666666666664,5.537749241945383,22.833333333333332,4.4907311951024935,15.0,3.7416573867739413,-1.1666666666666667,12.624051119457123,244.16666666666666,10.206207261596575,30.5,7.12039324756716,28.333333333333332,5.750362307426086,32.833333333333336,8.565434412022935,27.5,3.7282703764614498,51.833333333333336,11.75443178833697,11.833333333333334,12.54458714612269,9.166666666666666,2.5625508125043424,9.666666666666666,7.447594690010103,17.166666666666668,2.8577380332470415,21.833333333333332,3.763863263545405,48.0,5.656854249492381,16.333333333333332,6.314005596027506,7.333333333333333,5.537749241945383,0.5,0.5477225575051662,0.5,0.5477225575051661,1.6666666666666667,1.2110601416389966,,,6.0,0.0,0.0,0.0,0.0,0.0,,,0.0,1.0
2025.0,Washington Wizards,1610612764.0,0.0,1610612753.8,9.25742945462121,0.2,0.4472135954999579,0.4,0.5477225575051661,113.4,9.208691546577072,115.0,11.747340124470732,24.2,4.8166378315169185,6.2,3.1937438845342623,7.0,2.8284271247461903,89.2,5.805170109479999,39.6,5.941380311005179,0.4446,0.06669557706474996,35.6,4.159326868617084,12.6,3.9115214431215892,0.34859999999999997,0.07792496390759512,30.0,7.810249675906654,21.6,8.324662155306964,0.7026,0.1173170916789195,38.8,6.760177512462229,13.4,2.3021728866442674,52.2,7.155417527999326,21.4,3.2093613071762426,16.0,2.8284271247461903,-1.6,15.709869509324385,240.0,0.0,25.0,7.211102550927978,33.0,3.6742346141747673,29.6,5.176871642217915,25.8,5.848076606885378,51.8,7.19027120489902,11.8,15.122830422906949,11.4,2.4083189157584592,2.4,3.209361307176242,16.2,4.43846820423443,15.0,8.631338250816034,45.6,5.176871642217915,12.2,4.711687595755898,2.2,2.280350850198276,0.2,0.4472135954999579,0.6,0.5477225575051662,1.2,0.4472135954999579,,,5.0,0.0,0.0,0.0,0.0,0.0,,,0.0,1.0
nan,Atlanta Hawks,1610612737.0,0.0,1610612751.7743204,8.641429515002832,0.49504950495049505,0.5000147843469589,0.4912776991984913,0.49996320397543254,103.57897218293257,14.955288421057165,104.08785164230709,14.416099943727582,22.61070496083551,5.851977567110663,4.89575181665735,2.5034566780759104,8.087457817772778,3.0935621468312746,84.41806930693069,10.760450460715063,39.11287533406697,6.637099790847636,0.45588061553735415,0.058011465103325346,18.639028475711893,11.298101594617789,5.791338582677166,4.773043902689326,0.3357927241962775,0.15286648640683412,28.1138477437134,9.339272258160314,21.645181575224022,7.4746339892226725,0.7562897003100241,0.0984893534945745,30.506772009029344,5.531217374377404,12.226478873239436,4.559426061976234,43.55018867924528,8.351062563423945,23.329353233830847,5.81722359117919,14.957703081232493,4.0311414953420135,-0.346159936658749,13.165795991713402,206.14474304573315,85.69882644700579,29.22093023255814,4.9548577774821405,30.186046511627907,6.173018382505627,29.174418604651162,6.535319174824307,28.5,6.3296687024166545,43.93023255813954,11.210069735496393,11.36046511627907,8.064319074420538,10.151162790697674,2.475847766205085,7.488372093023256,6.357476721146362,16.988372093023255,7.1034278155342845,19.209302325581394,5.871398829359688,54.83720930232558,10.135389908186625,14.511627906976743,5.970011697784404,5.534883720930233,4.3648264554641925,0.3953488372093023,0.4917931121073974,18.511627906976745,12.108085957492849,20.174418604651162,13.29147613673127,,,,,,,,,,,,
nan,Blackhawks,1610612737.0,0.0,1610612752.2676055,8.34943582027307,0.5492957746478874,0.5011054178903219,0.30985915492957744,0.46572675299010285,83.63380281690141,10.42557218247479,88.70422535211267,10.91708276862745,21.0,,,,,,92.5,3.5355339059327378,28.591549295774648,4.104274652424616,0.319,0.019798989873223347,,,,,,,36.36619718309859,8.064453637714653,26.450704225352112,7.147004831984548,0.7261267605633803,0.1259761802402643,,,,,,,30.0,5.354126134736338,,,-5.070422535211268,10.504861383000556,0.0,0.0,,,,,,,,,,,,,,,,,,,,,,,,,,,,,,,,,,,,,,,,,,,,
nan,Bobcats,1610612766.0,0.0,1610612750.6712172,8.577396651975107,0.49943117178612056,0.500284333261536,0.3572241183162685,0.47945444847743046,94.28782707622298,11.40795489098133,98.65529010238907,10.868260244992047,20.88623435722412,4.779729340575672,5.106939704209329,2.6418628384494762,7.5608646188850965,3.1129997367366036,80.01023890784982,7.55623623104151,35.08987485779295,4.901059794999664,0.4397167235494881,0.055371991803334936,15.525597269624573,4.915826106711631,5.3310580204778155,2.555681088658346,0.3405858930602958,0.12414828403755401,25.511945392491466,7.8674688885483715,18.774744027303754,6.33026135240532,0.7345551763367463,0.0953080312101359,29.437997724687143,5.079815216895989,11.0193401592719,3.8754338749373365,40.45733788395904,6.353854691653876,21.44254835039818,4.98275484950979,14.766780432309442,4.0370141073273675,-4.228211009174312,12.73051903188144,241.5824800910125,15.94144218093127,,,,,,,,,,,,,,,,,,,,,,,,,,,,,,,,,,,,,,,,,,,,
nan,Boston Celtics,1610612738.0,0.0,1610612751.5752625,8.433938342185511,0.5024795799299884,0.500030319597307,0.5967036172695449,0.4905950630992062,106.2100350058343,14.946993870373802,103.17925904317386,13.578594143399055,23.84637964774951,5.759037246965601,4.93245729303548,2.5487693946296046,8.029567053854276,3.185684264470305,84.47806171648988,9.68800744282591,40.5510650714911,7.030894563530827,0.4674123039806996,0.09482430966681432,19.720464135021096,12.861103782310957,6.308710801393728,5.344470515349432,0.3381048709076391,0.1512574421732568,26.835053208642375,8.848965268889815,21.13729209220893,7.258277533528069,0.7685979996773673,0.09601024151364071,31.407594264471587,5.689750875125592,11.18915343915344,4.214221166474185,43.201407425382186,7.866310614186753,23.232213282852186,5.134452616197511,14.783854851433079,4.060961315872857,3.1404922355698797,13.331404263084998,200.9705324580598,90.65292136313955,30.09375,5.879631433131988,28.760416666666668,5.934280059498491,28.66315789473684,6.50795017294443,26.642105263157895,5.924912764370253,29.885416666666668,13.712744584330583,18.510416666666668,11.623927039712589,10.552083333333334,3.185063137989961,6.447916666666667,5.626758984234767,11.979166666666666,6.074934119922907,15.46875,6.985629045253887,40.458333333333336,8.422921941647548,14.34375,6.402019623771696,4.572916666666667,3.9115074269234356,0.59375,0.49371044145328735,25.947916666666668,18.76579743865877,9.59375,7.366464730899006,,,,,,,,,,,,
nan,Braves,1610612746.0,0.0,1610612750.49705,9.123920731514492,0.4970501474926254,0.5003604318244762,0.3952802359882006,0.48927175370508713,105.88938053097345,10.987215851665184,109.6858407079646,11.686581839118626,30.0,,,,,,84.0,,42.53244837758112,5.238871039839855,0.464,,,,,,,,27.805309734513273,8.780122313269676,20.82448377581121,7.083602214885592,0.7470029498525074,0.09733749472338774,,,,,57.0,21.213203435596427,24.304283604135893,4.710135988681828,,,-3.742603550295858,13.132894127893008,241.0693215339233,5.241542655179339,,,,,,,,,,,,,,,,,,,,,,,,,,,,,,,,,,,,,,,,,,,,
nan,Brooklyn Nets,1610612751.0,0.0,1610612751.1441739,9.06647442367503,0.49940912313873786,0.5000587489853997,0.4256676908532262,0.4945022783123541,101.66839990545971,13.412105652361536,103.92767667218152,13.643310513361216,22.642343541944076,5.36878315317101,4.998574280011406,2.8141213902239834,7.793360045792788,3.0752936198493033,84.12536598349747,8.61726034679181,38.36681635547152,6.008400364885309,0.4517918552036199,0.058902387689275124,18.50656018254421,11.508111003256852,5.720813457193071,4.867907197479664,0.33029025787965616,0.14839349223571094,26.02481682817301,8.301619002897999,19.544079413850152,6.501564263299621,0.7530493973056015,0.09798746805090322,30.729154686601497,5.669927424218925,12.287026406429392,4.991263501254188,43.20175672078786,7.2624442135306095,23.044723142451492,5.181865221883886,15.2571998859424,4.428876543074264,-2.1086231538828013,13.256693615811592,241.39243498817967,10.869271529840965,26.402298850574713,6.44919279267504,26.896551724137932,5.092252397786132,25.74418604651163,5.648916703043218,25.627906976744185,6.55123968803374,38.96551724137931,12.637566990471418,9.873563218390805,7.526394791079559,9.64367816091954,2.693562573447227,6.655172413793103,5.617306286093743,14.298850574712644,6.174054757760986,17.17241379310345,7.128728149963823,43.264367816091955,10.207680384880906,12.988505747126437,5.327624918866697,5.045977011494253,3.66919307388135,0.3103448275862069,0.46531671703600724,13.60919540229885,7.899597166413398,25.666666666666668,17.01549681269829,,,,,,,,,,,,
nan,Bullets,1610612764.0,0.0,1610612749.6559212,8.545296860640375,0.501866304716661,0.5000813699315679,0.47641669494401084,0.4995282772395548,106.7957244655582,12.828931181675966,107.559552086868,12.826275361536212,23.821044546851,5.456367588012042,5.582217973231358,3.065228552762723,8.098646034816248,3.0392619767724423,86.93558282208589,8.692521505766214,42.45436036647438,5.732809880032758,0.4699233128834356,0.05583107079457939,6.831067961165049,5.55794686883001,1.7402253147779987,2.1765826772238857,0.2639584631360332,0.23158737308110858,28.42498302783435,8.952580628780852,20.995928062436377,6.936281403387219,0.7403917175831636,0.09222626998502714,28.468627450980392,5.067163826325124,13.650390625,4.527189483282809,42.566717791411044,7.11964387427531,23.396946564885496,4.572826233747868,15.778846153846153,4.212719021576134,-0.5964432284541724,13.122150447517567,235.09670851713608,39.91418764611086,,,,,,,,,,,,,,,,,,,,,,,,,,,,,,,,,,,,,,,,,,,,
nan,Charlotte Hornets,1610612757.7433572,12.105703128730218,1610612751.0042126,8.429725623509869,0.4964355152300713,0.5000683229389556,0.4552819183408944,0.4980769842571444,100.28451069345431,13.243244810062128,102.03532080362929,13.987806104658597,23.073233959818534,5.469925114082716,4.52300712896954,2.452654863879258,7.725858716785483,3.0314438833060824,83.29455605962411,8.429193088532296,37.56448476992871,5.601593531399432,0.45188464031108233,0.05735039711505661,19.0249513933895,10.833723067725689,6.734931950745302,4.47732172546191,0.34858638573743916,0.13742629934745001,24.101101749837976,7.682442384422264,18.41348023331173,6.162320786754246,0.7655930006480881,0.09885749088292412,30.71354504212573,5.688874918100146,11.367465975372651,4.002158800912781,42.081011017498376,6.690609962324053,20.62961762799741,4.584932441589373,14.207064160725858,4.0799420818217245,-1.6109660574412532,13.403702710085081,241.3895009721322,10.832118335197139,25.416666666666668,5.4490152383961155,26.761904761904763,6.051225202275299,26.642857142857142,5.613329354062282,26.392857142857142,5.781186473344975,35.535714285714285,12.384839574692831,7.5,7.044608294582204,10.095238095238095,2.4721048424907477,5.464285714285714,4.973293564755577,12.035714285714286,5.543793726433122,15.154761904761905,6.672175721478738,44.857142857142854,8.935030366036624,15.988095238095237,6.258476753006985,4.130952380952381,3.656253141379804,0.4166666666666667,0.49596767610699377,9.988095238095237,5.800901566030249,28.80952380952381,19.280101603539325,,,,,,,,,,,,
nan,Chicago Bulls,1610612741.0,0.0,1610612751.5975215,8.842931668536266,0.5027645376549095,0.500040027803573,0.5121067683508103,0.4999010619522476,102.53708293612965,13.547878466384192,102.18741658722593,13.76647317421982,23.681058853765098,5.5553118247133675,4.872677595628415,2.537107377545041,7.928982725527831,3.0230693972991047,84.10428975083484,8.240003105092404,39.385700667302196,6.054272837742848,0.46077266889288465,0.06089065269652984,16.59344262295082,10.287836764976465,5.287481804949054,4.373219721290107,0.34334222833562583,0.1585485627310132,25.896091515729267,8.628668643223723,19.606291706387037,6.875846697375831,0.7578366062917063,0.09698944732873528,31.037486218302096,5.701297910998032,12.32947658402204,4.393999578620417,43.510791366906474,6.847731602987292,22.461758535189777,5.024645148470444,14.753757857338071,4.269013553110129,0.4936684574059862,13.598181264055,241.6661582459485,10.206117979908164,28.261363636363637,5.182850407739674,29.318181818181817,6.465728314214016,30.875,6.39829808549153,28.704545454545453,6.500502351779924,37.06818181818182,12.625276102177619,11.897727272727273,9.38210545780192,9.715909090909092,2.328972264268619,7.295454545454546,5.963797083493247,18.53409090909091,6.266034812184067,15.727272727272727,5.810666515129934,50.54545454545455,10.219329319727228,13.045454545454545,4.143708958040444,4.704545454545454,3.6926739864661666,0.48863636363636365,0.502735463945467,16.65909090909091,11.005626944950047,22.193181818181817,14.109471795831574,,,,,,,,,,,,
nan,Cleveland Cavaliers,1610612739.0,0.0,1610612751.5779397,8.808727756901167,0.5028095733610822,0.5000441426724958,0.47388137356919874,0.4993693175566689,101.49947970863684,13.20670269152607,102.26035379812696,13.35739197439873,23.002094240837696,5.714192747465788,4.908989391401452,2.726289243916705,7.617647058823529,2.888275845428662,82.53151974888831,8.071986947366545,38.84099895941728,5.948511439350779,0.45999084488621506,0.057718235728651736,18.274148520379676,11.257971033859274,5.8905902692022725,4.808756924035638,0.3511496350364964,0.14914935930166465,25.10634755463059,8.042257466798619,18.85244536940687,6.435460407711589,0.7512160249739854,0.096651157499851,30.623559179083497,5.478327936512697,11.631209654785293,4.015110757899443,42.55759162303665,6.832993174072663,21.821837882892268,5.0919161138288125,14.719709659408151,4.194402877397258,-0.6191074795725958,13.702621929264112,241.4126951092612,9.687526697858356,31.19148936170213,6.543940143114073,30.106382978723403,6.114442773662645,30.138297872340427,6.252055255759557,29.627659574468087,5.845656493487586,39.840425531914896,12.650218402202674,18.638297872340427,11.585911971501995,10.97872340425532,3.0655165798225235,6.372340425531915,6.101267350371871,14.872340425531915,6.3402351344633665,18.80851063829787,5.932010114161073,51.340425531914896,9.12229125091048,14.170212765957446,5.411334774366244,4.212765957446808,3.8489555640306388,0.5957446808510638,0.4933787163701949,29.93617021276596,20.9576164770907,6.191489361702128,5.279859471379895,,,,,,,,,,,,
nan,Dallas Mavericks,1610612742.0,0.0,1610612752.0259936,8.111308414147757,0.4981254686328418,0.5000589817748367,0.504123969007748,0.5000454865588158,103.9277680579855,13.23231012492486,103.89702574356411,13.273993131367325,22.36884605365981,5.290412193258168,4.785077951002227,2.5853344812396837,7.409977703455964,2.8808667150512592,84.8455326908049,8.022463915537037,39.0449887528118,5.609409550578684,0.4604360510549622,0.057448424998363515,20.55595768374165,11.563377989491924,6.6693326668332915,4.958667339069551,0.3506338067390699,0.13336512331130268,24.820044988752812,8.108736529076253,19.16895776055986,6.680751914153483,0.7727293176705824,0.09794967566439054,31.034328774769747,5.532422518948589,11.649372384937239,4.617823253241388,42.82069324993485,6.8788229859127155,21.513628407101777,4.733070123011905,13.792873051224944,4.02615708067105,0.2305170239596469,13.74113150785152,241.2701824543864,11.296558466705783,28.2183908045977,6.041379188286286,29.080459770114942,5.765209189219048,28.298850574712645,6.300821176693422,28.103448275862068,6.0136172660299465,39.172413793103445,14.538806848258572,12.770114942528735,10.029840534596014,9.954022988505747,2.6585012650381734,6.781609195402299,6.5847344375409484,15.505747126436782,6.446332224188708,17.25287356321839,7.182372463521931,50.62068965517241,9.756621340605646,13.60919540229885,6.561615516189911,5.126436781609195,4.536171415337946,0.5517241379310345,0.5002004409781857,20.344827586206897,12.228281731209615,18.42528735632184,13.174704607171787,,,,,,,,,,,,
nan,Denver Nuggets,1610612743.0,0.0,1610612751.9526887,8.095507084424543,0.4950380798522963,0.5000330826351848,0.5047311331640896,0.5000353200290735,107.91137779829218,15.299382067939591,108.02423263327948,14.332730362460875,24.436796650091598,6.129705936401296,5.39304737874965,2.8793727299050658,8.177197416456051,3.0728600131104433,87.20987976999477,10.003221266070234,40.82390953150242,6.725364451237625,0.4631087297438578,0.05944206553564738,18.453247480403135,10.396119630351878,5.750553505535056,4.610547787331216,0.33392307692307693,0.14395597394750492,27.47334410339257,9.056916713817165,20.870990076159703,7.329358920262701,0.7593360258481422,0.09472082314174306,31.334363585276762,5.547690608593741,12.517561112672098,4.486775660364096,44.03084967320262,6.978680170281488,23.081118557892303,5.043191337708923,15.072890384076254,4.2586406670371115,0.04112453531598513,13.964562241462826,241.34118190212374,10.65969621196986,30.56,6.222020198740546,28.98,5.432747691062735,30.45,6.558786226709692,26.83,6.131645024548526,26.11,12.409588179624606,14.32,9.969529334502965,9.9,2.5485190787886,5.86,5.447675808743736,18.85,7.956161452013468,16.15,6.490669293592755,56.12,12.426169843105198,14.54,5.091922698517406,4.71,3.9931633494453407,0.34,0.47609522856952324,21.26,16.560644597809276,13.47,9.513897330970229,,,,,,,,,,,,
nan,Detroit Pistons,1610612765.0,0.0,1610612749.6221948,8.465288817386353,0.49837486457204766,0.5000360569163086,0.47221792292214826,0.49926619793771065,102.36635195790126,14.532198929084885,103.2075530103699,15.81304606694546,22.339359504132233,5.354015521454025,4.726246213164417,2.5419829538589527,7.315004144791379,2.8826742349543224,83.63585576434738,10.168354456402797,38.96578947368421,6.875188797798196,0.45520432569974556,0.057152248137390275,17.146791517488296,10.475483119639712,5.3577869851328295,4.363895148192012,0.33546467467187935,0.15643299275996608,27.57189207650273,9.071908701419929,21.03142414860681,7.274595736759296,0.7425713797814207,0.09805169357898151,30.359600443951166,5.403865708167311,12.250830564784053,4.294952938563676,43.18711498973306,7.486549225092913,23.16970101887423,5.346178174794536,14.310468319559229,4.105494446772751,-0.6893219017926734,13.055396461303427,200.49883918898004,90.97263328271985,29.26086956521739,6.119451180623193,29.130434782608695,4.856665050554997,28.51086956521739,5.767461904335791,26.97826086956522,5.668455728748497,40.358695652173914,14.47816204847697,13.152173913043478,10.264560585498922,10.282608695652174,2.951349428582438,6.641304347826087,5.960642936298636,18.445652173913043,6.898581046064191,18.858695652173914,6.668906893869622,52.19565217391305,8.76085089253345,14.75,5.0243910570839825,5.054347826086956,4.4335487495966674,0.4891304347826087,0.502620937661408,18.934782608695652,14.761700033001267,17.97826086956522,11.071176576513542,,,,,,,,,,,,
nan,Golden State Warriors,1610612744.0,0.0,1610612751.4009886,8.621206668892745,0.4976830398517145,0.5000332517288314,0.4910410874266296,0.4999583457190765,106.8779734321903,15.24851348328534,107.06765523632994,14.585261650333786,24.338658983761132,5.880905054353223,5.2051137960101155,2.6995027402585587,8.496481846327047,3.1620197363083933,87.34023285899094,9.17691306391297,40.84983778773366,6.8792791192469105,0.4630535991714138,0.059188385116106614,21.044175576814858,12.261184081427434,6.835850458034167,5.477862351499031,0.3473798756359525,0.13866223553379722,27.46600614964127,9.351597314146336,20.908220024721878,7.370113466378364,0.7482331738981893,0.10158384595007894,31.313786298280238,5.840514213207541,12.372852717544355,4.683815195894017,43.97264912737692,7.462641508201416,23.566295125603062,5.205947120653069,15.541643218908272,4.133786322745398,0.0017139295730757246,14.127532952989965,199.9522706209453,91.30412089352788,27.08080808080808,6.348190755715715,27.565656565656564,5.739518603438502,29.91919191919192,6.255898062215528,28.292929292929294,5.74323475171587,43.74747474747475,16.021887729452242,14.858585858585858,11.552020850695346,10.464646464646465,2.4920818741796835,6.393939393939394,5.565598014732607,14.535353535353535,6.94631473474572,19.696969696969695,7.23293846834241,44.303030303030305,10.167429536349063,15.202020202020202,6.8927347109479005,4.474747474747475,3.905368974032465,0.37373737373737376,0.4862572298577684,19.454545454545453,14.514786779366197,15.141414141414142,11.948025283865098,,,,,,,,,,,,
nan,Houston Rockets,1610612745.0,0.0,1610612751.688279,8.504056367987978,0.5013629283489096,0.5000468253636768,0.5171339563862928,0.49975499583235644,105.41471962616822,13.614190483148219,104.84384735202492,13.954110111789376,22.858515057113188,5.615201080530664,5.168371578656345,2.716838559005014,8.045693713652728,3.025902055803365,84.1875486381323,8.879481989293717,39.95521806853583,6.285385905392044,0.45971491569390405,0.05685328237444356,22.786286978158696,12.655862346123909,7.085596508244423,5.352543068592485,0.3391238544848653,0.1336889847960763,26.35981308411215,8.492772176651755,19.817757009345794,6.708093914450798,0.7533755841121496,0.09841714816642866,31.673316708229425,5.421170631854241,11.890858725761772,4.2936993777972745,43.76154644525169,7.048824225695453,22.39337231968811,4.938423221512392,15.407356194690266,4.245800604506596,0.7217323143249069,13.383517978698675,241.33820093457945,9.410197135131227,28.34065934065934,6.282638830264768,28.582417582417584,6.608186730725144,29.505494505494507,5.429085510007139,27.043956043956044,6.502840555244708,33.0,12.909083795701555,15.527472527472527,9.924538230893118,10.406593406593407,2.8789582297074903,7.021978021978022,5.723204273400274,16.494505494505493,7.166858332900015,17.428571428571427,6.753012261441156,51.362637362637365,9.792873240288895,17.912087912087912,5.832187223881604,4.65934065934066,3.844822724477916,0.5164835164835165,0.5024968184009253,23.681318681318682,16.52800930466496,13.164835164835164,9.371663834564435,,,,,,,,,,,,
nan,Indiana Pacers,1610612754.0,0.0,1610612750.7173364,9.10499979613153,0.49804822043628016,0.5000536052738582,0.5008036739380023,0.5000567692028925,103.31963260619978,13.479454682326065,103.01905855338691,14.377509312571778,23.368380263497805,5.878324607599789,5.045292341476805,2.5926821553806616,7.6673098125689085,2.9201033961893126,83.20588995091707,8.902354386336658,39.008036739380024,6.240485982639718,0.4633781968483596,0.058661619585168565,18.369505494505493,10.054782823534241,5.916768070090046,4.428858147287541,0.3500672943782886,0.14225897597633522,25.694374282433984,8.200269612655351,19.710218140068886,6.671474031573972,0.7676594718714123,0.09552506783285061,31.272676991150444,5.541273290337611,11.323204419889503,4.125278117136084,42.80712625871418,6.949733245134507,23.071937485635488,4.9422058355706415,15.041758241758242,4.207899399096151,0.4531791907514451,12.96105110302475,241.2865671641791,10.924852554997656,28.119266055045873,6.139919125179456,28.834862385321102,6.332622418386384,29.73394495412844,5.784145318974618,29.05504587155963,5.954821983820122,40.62385321100918,14.987518875795539,13.256880733944953,10.009628392226093,10.064220183486238,2.6043952499067804,7.064220183486238,5.640914079719177,16.788990825688074,5.678212738006845,18.256880733944953,7.011107153183558,49.46788990825688,9.70163102680988,11.669724770642201,4.961061426660928,5.467889908256881,4.427541762856863,0.3853211009174312,0.4889190056519236,17.743119266055047,15.742960607795691,14.293577981651376,10.905573458093851,,,,,,,,,,,,
nan,LA Clippers,1610612746.0,0.0,1610612751.7610095,8.269362994440115,0.5029688273132112,0.5000530469440632,0.43295398317664524,0.4955457447227363,103.2360217714003,13.404402605602643,105.40153389411182,13.457985530290003,22.785061794734013,5.406706731172995,5.33543940264216,2.6360268201676,8.040898617511521,3.1308813234016717,83.89656098871575,8.247794587350882,39.1840672934191,5.8680756460360275,0.4633858140784524,0.05788304282194526,17.61540672607071,10.902165879948663,5.628535353535353,4.745148823714006,0.33113662790697673,0.1608776739996372,26.06382978723404,8.10610060948175,19.350569025235032,6.470580323521862,0.7436578426521524,0.10404857929758149,30.650331507639088,5.774822358766312,11.660518731988473,4.262369991399268,42.53546480386889,6.853984822007479,22.491449814126394,4.941664030047659,15.39430543572045,4.431436735890125,-1.9193386773547094,13.939519529888985,241.05616031667492,10.300102848297332,27.48913043478261,5.88067157190792,27.72826086956522,6.198374939227473,28.858695652173914,6.734496272047569,27.434782608695652,4.806827442514638,32.5,13.159628572867254,15.043478260869565,11.366920430637546,10.402173913043478,2.8169806242773046,6.967391304347826,6.0264090723030685,16.065217391304348,6.8400956677103935,19.52173913043478,6.909904121199244,51.71739130434783,9.61034937439558,12.75,4.782350794418905,4.880434782608695,3.8994008874972366,0.34782608695652173,0.47889026040398286,20.72826086956522,14.634073787688346,15.978260869565217,10.859723207843716,,,,,,,,,,,,
nan,Los Angeles Lakers,1610612747.0,0.0,1610612751.3310044,8.866073794271728,0.5100436681222708,0.49993550128460373,0.5851528384279476,0.49273150284333983,106.72707423580786,14.662184592949519,104.5353711790393,14.156822440251833,24.279272727272726,6.253849984300501,5.3402413431269675,2.700462412076037,7.896397580857218,3.0069698382801606,84.06428571428572,11.745879069110991,40.67729721858162,6.994784901794179,0.47111834457102997,0.07901510418255389,18.60340760157274,9.87842929909377,5.734425473004153,4.341878564256497,0.34150447368421055,0.14346829016438484,28.481451742412077,9.036516273066553,21.740751529274686,7.336074924521608,0.7460399935753294,0.12548304805051624,31.527909426013693,5.677314907282343,11.950276243093922,4.216683724705467,43.77164036346246,7.598526345173697,22.601651347561926,5.307591159503585,14.620861797162375,4.186013366393879,2.305206200643463,13.3772789468826,201.45502183406114,90.1908747370107,30.066666666666666,6.68857822348557,28.644444444444446,5.601587076693334,26.61111111111111,5.742986821155439,26.41111111111111,6.09640609629037,26.07777777777778,11.400993232680888,13.844444444444445,9.09736486245875,9.666666666666666,2.7273067754088482,6.222222222222222,6.03878434410079,14.61111111111111,6.4384631504983085,15.755555555555556,6.868444553664719,47.333333333333336,9.476167622461556,12.511111111111111,5.270747008959871,3.911111111111111,3.2796425005381042,0.4444444444444444,0.4996877926639077,22.2,15.955837929890864,14.666666666666666,9.606879557455725,,,,,,,,,,,,
nan,Memphis Grizzlies,1610612763.0,0.0,1610612751.0335622,8.163276689618128,0.4988558352402746,0.5000940649807464,0.43935926773455375,0.4964037489969582,99.69717772692601,13.976346169073068,101.558352402746,13.378853919328312,22.08276125095347,5.286346208993176,5.133867276887872,2.638604358198534,8.20137299771167,3.0002972673023063,82.83524027459954,8.720791414724568,37.33295194508009,5.742946271548096,0.4512952110901071,0.05516755439673373,19.963005339435547,10.03335550211352,6.944698703279939,4.230707555713002,0.34235893257517974,0.12247844292563577,24.14607170099161,7.735839348808158,18.08428680396644,6.166962618218114,0.7505132039243536,0.09978017949061949,30.659801678108316,5.696459776548453,11.51258581235698,4.0221195289104115,42.175438596491226,6.941882746945825,21.244851258581235,4.429222334577801,14.909229595728451,4.1336133706261,-1.7408829174664107,13.630831817063584,241.59191456903127,11.080905833441967,30.98913043478261,5.024105770780173,29.706521739130434,5.348385899016352,31.75,6.429029287724361,27.815217391304348,6.291332512861369,43.48913043478261,13.447083564044814,15.41304347826087,11.726884837760151,10.521739130434783,2.8380393358546976,6.510869565217392,6.152806141214856,16.358695652173914,6.382637027345204,18.293478260869566,6.620876147124805,54.891304347826086,10.501131829881594,16.41304347826087,5.755364767109421,4.771739130434782,4.516400543050314,0.45652173913043476,0.5223161326049195,23.119565217391305,16.01362221710576,13.706521739130435,9.989596834287665,,,,,,,,,,,,
nan,Miami Heat,1610612748.0,0.0,1610612751.417941,9.106333173579788,0.5029411764705882,0.5000648937691734,0.5255882352941177,0.49941826220762275,99.45,13.293034495843276,98.9214705882353,13.349358191348921,21.695588235294117,5.167165380087515,4.791470588235294,2.531539948771651,7.650294117647059,3.008529587892497,80.7964705882353,8.32463490090231,37.045,5.471316926882103,0.4594788235294118,0.05751623963286025,20.326764705882354,10.330490043559841,7.254411764705883,4.37486380483271,0.3510439010017678,0.13551439854499706,24.311176470588236,7.966552159376502,18.105588235294118,6.314711334345181,0.7465676470588235,0.10730886377706197,30.989117647058823,5.522496646662458,10.815,4.22361964791737,41.804117647058824,6.625029042394808,21.688235294117646,4.938859172321701,14.810588235294118,4.20901464743275,0.6417381022760863,13.75980685251637,241.56264705882353,10.91919363762413,27.956989247311828,5.427213991211776,28.043010752688172,6.017933305680802,27.440860215053764,6.538285850334364,25.623655913978496,5.943417949614195,37.086021505376344,12.292323438686097,13.623655913978494,8.940520822411301,10.43010752688172,2.5255126447410787,6.483870967741935,5.92454897058914,14.75268817204301,6.249618969217408,16.849462365591396,6.0915947732691835,47.18279569892473,9.87414964589592,12.290322580645162,4.517070629149351,5.10752688172043,3.9849236684397424,0.40860215053763443,0.49423984539688187,17.50537634408602,11.582054762427479,19.387096774193548,14.239437166808576,,,,,,,,,,,,
nan,Milwaukee Bucks,1610612749.0,0.0,1610612751.0863879,9.12549951907933,0.4995046562314246,0.5000492963492158,0.5220923320784625,0.4995611837727108,105.15395284327323,13.868039106109698,104.00614226273034,12.858700443231173,23.418375291980276,5.315673132232178,4.65508615897721,2.5169407629823466,8.120380739081748,3.1611367090414975,84.24468636599275,8.276292803826488,40.57420249653259,6.308962243568652,0.46522602384655265,0.056610795702740614,18.798103736754044,11.385202012044623,6.010794896957802,4.87410901153507,0.3504123567235113,0.14140755430055438,25.3554586883297,8.325334731851425,19.155934218347532,6.722786185529459,0.7551719833564494,0.09806214786110123,30.547826086956523,6.372532766824061,11.649103139013453,4.285660338061542,42.43557168784029,7.143320872119738,22.945227227624528,5.132443620134519,14.796709425543781,4.047652044957574,1.3212931550588705,13.726591164381746,241.4842480681593,9.114679784751699,29.63736263736264,6.238797041304397,28.692307692307693,6.4990466098964745,28.802197802197803,5.671017506624326,26.439560439560438,5.994828866445909,37.010989010989015,12.066937847316069,13.659340659340659,9.333594972784875,10.68131868131868,3.4988224078621424,6.857142857142857,5.708806897283898,13.263736263736265,6.348814700985383,15.23076923076923,6.221962754052818,43.42857142857143,8.910845897173548,11.54945054945055,5.471671969260781,5.516483516483516,4.475520174268107,0.4725274725274725,0.5020106094642345,20.153846153846153,14.956175296083536,16.67032967032967,10.456316480221627,,,,,,,,,,,,
nan,Minnesota Timberwolves,1610612750.0,0.0,1610612751.6027176,8.42768851705939,0.498220640569395,0.5000777329618364,0.4218699450016176,0.4939378758016248,101.38822387576836,12.933813731974924,103.27531543189906,13.519717191363563,23.31252021999353,5.188676539249672,5.043028146230993,2.571896738563852,7.74441928178583,2.9225211459870324,83.78485926884504,8.140909744050168,38.15043675186024,5.222773349444875,0.4564454868974442,0.05425313903656741,17.79424134584277,11.328303721610187,6.223875768359754,4.604805354431292,0.3393948817622287,0.14249358735230896,24.50663215787771,7.892616967913046,18.864121643481074,6.4714691511429505,0.7696603041087027,0.09573762236627571,30.438369459721773,5.659514124344032,11.668392106114526,4.086012999960603,42.1067615658363,6.716129661652415,21.703655774830153,4.617489920747214,14.601423487544483,4.026568469113354,-1.7158238172920066,13.220063014400504,241.36848916208348,10.846819450080714,27.5,6.484636076951817,27.67,5.973096248000596,29.47,6.476772796585185,28.43,6.537004225363804,35.43,12.75349427261471,14.22,10.09007913594819,10.4,2.620817977022988,6.77,6.209889473471108,13.54,6.187997505761708,17.76,7.171943089342502,47.52,9.990379210404212,15.32,6.630020491459414,4.85,4.628360095294787,0.42,0.49604496374885826,18.87,15.049853182276587,15.32,11.36348929197757,,,,,,,,,,,,
nan,Nationals,1610612755.0,0.0,1610612748.3111992,9.333242171085455,0.5262636273538157,0.4995573575151741,0.5490584737363726,0.49783420372136994,103.1565906838454,18.967161959805036,101.20812685827552,18.690150336552655,16.041666666666668,11.39213751240079,0.0,0.0,0.0,0.0,82.171875,32.608088726523434,37.20317145688801,9.333405072605762,0.4334406779661017,0.21613663232782915,0.0,0.0,0.0,0.0,,,37.5792349726776,8.492575675548053,28.681863230921703,6.792041188704128,0.7699616438356165,0.10753112842199687,,,0.0,0.0,51.806451612903224,24.694694915897365,26.50955414012739,6.263778520755493,0.0,0.0,2.0917248255234298,13.062935380477953,3.5678889990089195,29.058568382356857,,,,,,,,,,,,,,,,,,,,,,,,,,,,,,,,,,,,,,,,,,,,
nan,New Orleans Pelicans,1610612740.0,0.0,1610612751.841556,8.231949672012659,0.49240986717267554,0.5001797197780864,0.452561669829222,0.49798080746879736,108.97912713472486,13.03321568563291,110.11100569259962,13.177941089991565,24.680265654648956,5.2058526423371845,5.074952561669829,2.6234168558669446,7.89089184060721,3.076802980819923,87.45635673624288,7.671897906206435,40.610056925996204,5.2761116035369025,0.46530550284629985,0.05363047237374345,28.272296015180267,8.080015975300089,10.080645161290322,3.909244062095364,0.35680075901328273,0.09469763026080014,23.193548387096776,7.380740068529372,17.678368121442126,6.049335533128667,0.7624013282732448,0.10111828300919593,33.77703984819734,5.382307582616419,10.669829222011385,3.8380190078125502,44.44686907020873,6.566810898956304,19.97248576850095,4.375339041242192,14.317836812144213,3.9262581433831047,-0.9923591212989494,14.216569214220607,241.58918406072107,6.7490013118112655,26.547619047619047,5.794481716180568,27.25,5.81206679950667,27.607142857142858,5.923239623887975,27.714285714285715,5.932494606380455,33.94047619047619,11.277818286915222,8.083333333333334,6.582577100584585,9.880952380952381,2.752456786064205,6.809523809523809,6.2488094104092395,16.464285714285715,6.5297215361047805,16.738095238095237,6.3419031912515,49.45238095238095,10.166570261856819,15.238095238095237,6.13624241918171,4.726190476190476,4.462295023745557,0.5,0.5030030300035687,9.833333333333334,6.585550691601017,29.821428571428573,17.90682760968647,,,,,,,,,,,,
nan,New York Knicks,1610612752.0,0.0,1610612750.559077,9.321300909105293,0.4978461538461538,0.5000338265452322,0.4849230769230769,0.49981108318079387,102.58446153846154,14.524173919278496,103.00138461538461,15.069276286160981,22.150116069125612,5.396665839155408,4.384572386808273,2.4906214017113326,7.627808988764045,3.010511084643151,83.05426751592357,9.232381090828996,39.17864286813356,6.931596438255813,0.4568069370058659,0.05781477472372841,18.805757406372276,10.416219280414918,5.934761201378631,4.535170277458919,0.34863132733408325,0.14214713922521055,26.531420765027324,9.085928334196119,20.547776581012464,7.327223125693804,0.753407856532878,0.11037624417510708,30.660372040586246,5.437129406181349,11.836522228474958,4.26480697115291,42.58975019314963,7.05526633915079,23.90374772989929,5.266555404940797,15.073266219239374,4.345459948956902,-0.27427597955706984,13.095796461096425,200.6023076923077,91.1781860104277,28.16346153846154,6.2970336319264755,29.5,5.656854249492381,28.75,6.211092488678026,27.115384615384617,5.791369025579412,22.10576923076923,12.041931810662122,15.067307692307692,10.940496095562928,10.23076923076923,2.900387551040124,6.894230769230769,6.637519523282525,14.913461538461538,6.579034923359065,18.307692307692307,6.815283970145828,51.23076923076923,10.421440529193175,14.76923076923077,5.011115352138896,4.9423076923076925,3.9971517118216675,0.5,0.5024213216674024,21.076923076923077,17.097488776994773,11.971153846153847,9.411268530583026,,,,,,,,,,,,
nan,Oklahoma City Thunder,1610612760.0,0.0,1610612751.0647798,8.397620502414998,0.5037735849056604,0.5001430622836966,0.5748427672955975,0.49452236218747087,107.57484276729559,13.301712408409282,105.12767295597484,13.348904641305944,21.90377358490566,5.218587426238353,5.628301886792453,2.775343930074991,8.127672955974843,3.0472555087972153,85.85471698113207,8.279549351213648,39.484276729559745,5.510394486765245,0.4609559748427673,0.05590873462010446,26.467295597484277,9.710983944480681,9.274842767295597,4.265488838931408,0.3499327044025157,0.10248688629483774,24.720754716981133,7.265876481273264,19.330817610062894,6.321270292449092,0.7802044025157233,0.10200268561347531,33.571069182389934,5.459702432341019,11.162893081761005,3.9478037717704777,44.73396226415095,6.5565490987381105,20.863522012578617,4.452489158712413,14.521383647798743,3.9500319008338804,2.586337760910816,14.423290432351829,241.76729559748426,7.541948948399052,30.51818181818182,5.928831464584418,30.09090909090909,6.577059735345416,30.027272727272727,6.961834476826896,27.881818181818183,6.525506508769771,35.4,13.587771080489244,20.69090909090909,11.215769905753936,11.363636363636363,3.1788500393974997,5.672727272727273,5.5572237324954665,16.045454545454547,6.661385870680245,22.118181818181817,7.831636404607808,50.36363636363637,8.733282612377568,14.39090909090909,5.761459191039049,4.3545454545454545,3.9482579218157694,0.6,0.4921400561449812,26.045454545454547,22.05888132259514,5.745454545454545,4.487365266968954,,,,,,,,,,,,
nan,Orlando Magic,1610612753.0,0.0,1610612751.1810973,9.175488631249953,0.4995242626070409,0.5000790820689679,0.47256581033935935,0.4993259868847325,101.01966381224231,12.82534447598001,101.74595623215984,13.305035006234249,21.91053299492386,5.2456256520359466,4.851205583756345,2.494883079437595,7.532994923857868,2.906157817771751,82.93972081218274,8.198670599839316,37.684327411167516,5.423683789661936,0.4555288994000923,0.05788549230483968,20.808375634517766,9.789019341962938,7.299175126903553,4.03833101381349,0.34786549923195087,0.1228040619479641,25.051078680203045,8.194454711212849,18.384200507614214,6.388802614953272,0.7365393304876172,0.10520130394013288,31.191307106598984,5.424348933307724,11.531091370558375,4.240057462862974,42.72620558375635,6.476594469192075,21.17544416243655,4.678898503089462,14.921002538071066,3.993144300739848,-0.5784595717481623,13.972856727238295,241.1732233502538,10.617217145792097,27.122222222222224,5.815183106042663,25.877777777777776,6.085214680097278,25.68888888888889,6.406886120635867,25.988888888888887,5.98780491835903,35.45054945054945,14.290061609589399,12.56043956043956,9.684132257585993,10.241758241758241,3.1031906853740763,6.56043956043956,4.987114042340165,13.472527472527473,5.723908259495933,18.406593406593405,6.472124882015218,45.20879120879121,10.201869636402153,13.868131868131869,4.969258364537779,5.010989010989011,3.6529881390886483,0.5054945054945055,0.5027397465361704,19.043956043956044,11.961895137767065,18.52747252747253,13.655556996118351,,,,,,,,,,,,
nan,Packers,1610612764.0,0.0,1610612749.5,9.236690722690634,0.475,0.5025252685881779,0.225,0.42021694216322664,110.925,9.232270041900971,119.4125,12.321324265093002,,,,,,,110.0,,42.74683544303797,6.138295834726859,0.309,,,,,,,,35.62162162162162,8.257492730011103,24.455696202531644,6.478361355716568,0.6697297297297298,0.10067484752868969,,,,,67.0,,25.081632653061224,3.7850403712833627,,,-8.14102564102564,12.199344626823578,3.0,26.832815729997478,,,,,,,,,,,,,,,,,,,,,,,,,,,,,,,,,,,,,,,,,,,,
nan,Philadelphia 76ers,1610612755.0,0.0,1610612750.6479971,9.15272488794219,0.4990030813848106,0.5000443267058495,0.5084284937466014,0.4999742696499118,105.09878557186877,14.410290881743798,105.12651803516404,13.35839228283335,22.57627551020408,5.380191846751016,5.389882473173224,2.9081272365573323,8.5542071197411,3.1325412646064854,83.24770408163265,7.961256004991842,39.89015769439913,6.401049071623529,0.46020867346938776,0.05907724843153162,15.532940271725199,11.164630704275105,5.086723507917174,4.529606053703769,0.3249994703389831,0.16914712276238184,28.78462654097172,9.281750158637928,21.529454413630596,7.165409006635685,0.7506017041334301,0.09782572060909754,30.521240916713246,5.693771535615443,12.098901098901099,4.293837669941113,42.755419535832694,6.777221138559273,22.44053443733534,5.1203418990921294,15.550694801852805,4.554588480027907,0.08053935860058309,13.540901203214155,237.77016494471633,31.174159804432755,27.264367816091955,5.503613548905514,27.862068965517242,5.716504896153468,26.988505747126435,6.20107689986101,26.64367816091954,5.3526281558020585,32.241379310344826,13.562058495432044,9.64367816091954,7.736919962095145,9.367816091954023,2.1733852200246875,6.367816091954023,6.029221366923423,15.885057471264368,5.777714377406623,18.850574712643677,6.2422579688431385,46.7816091954023,8.197312786228382,13.0,4.953270002829467,5.126436781609195,4.231126623569413,0.45977011494252873,0.5012681058876768,13.425287356321839,8.454573805368295,25.919540229885058,16.609200581972637,,,,,,,,,,,,
nan,Phoenix Suns,1610612756.0,0.0,1610612751.1105607,8.338963292420635,0.5010897562908658,0.5000483540511841,0.5325936199722607,0.49898596132416934,107.71666336437488,13.055362682450582,106.58331682187438,13.140907703306715,24.793336803748048,5.692180045825079,5.004464285714286,2.630884673357425,7.949720670391062,3.0920925801722143,85.47413569014817,7.814595869694628,41.19615613235585,5.7175180774967185,0.4747964647777489,0.05778862453203459,19.122625698324022,10.502373596701524,6.122866894197952,4.7113738362449595,0.3471402421852999,0.14866597227511308,26.59936595997622,9.144802425927498,20.345948087973053,7.282232525167961,0.7664172775906479,0.09531768981857032,31.35989932885906,5.379833089769482,11.516074923119932,4.156385269011046,42.98985695708713,6.755323264603562,22.749404761904763,4.994231604378734,15.102822017323275,4.273691454961969,1.317155981625724,13.61566772402845,241.33511692429647,9.632990856459726,28.79310344827586,5.742817416958583,27.436781609195403,5.713511422700778,28.620689655172413,6.0774868186178,27.448275862068964,5.275565925092015,34.54022988505747,11.974589955305408,10.862068965517242,8.61471485010832,9.67816091954023,2.4754339665280924,6.2298850574712645,5.939033570714721,13.03448275862069,5.2594284680700625,15.701149425287356,6.647459634604149,42.160919540229884,9.621769845437337,12.310344827586206,5.219173829362905,4.551724137931035,4.2144784242099895,0.5977011494252874,0.49320428606142624,19.114942528735632,10.984582522532802,19.724137931034484,14.226318269870026,,,,,,,,,,,,
nan,Portland Trail Blazers,1610612757.0,0.0,1610612751.0965276,8.317007396441516,0.49875981810665565,0.500050144045145,0.5161223646134766,0.4997916571432122,104.98181066556428,13.892722264861773,104.40863993385696,14.091795096176277,22.826064246539566,5.548733435175849,4.879363306339012,2.522960758940968,7.72055944055944,3.0916715244486164,84.77055599060297,9.037105389233892,39.98987184787102,6.208401007355299,0.46204150352388407,0.05779082294755387,18.835992163448083,10.853007120241413,5.9349214145383105,4.7264069509919135,0.3473901068015739,0.14454002982769823,26.507854485324515,8.707490158024278,20.007441091360064,6.883683658274603,0.7567306738321621,0.09821834400261253,30.82829131652661,5.609695769689835,12.63595631475777,4.484231420337748,43.58083050404805,7.10880201449181,22.717683557394,5.063674776851951,14.9232707924951,4.215184509292468,0.7119983364524849,13.789239258245132,241.45928069450187,10.537718644138973,26.458823529411763,5.156025003579307,27.44705882352941,5.425920774071309,29.423529411764704,6.139986952421833,27.0,5.531296240054234,36.305882352941175,13.00185291686184,12.423529411764706,10.772956076818154,10.411764705882353,2.8043084099762114,6.141176470588236,6.497532390905668,15.83529411764706,6.131198629848445,18.11764705882353,6.016666860650074,48.98823529411764,9.81070129725585,16.694117647058825,6.2240385170871875,4.623529411764705,4.2087676925908,0.5176470588235295,0.5026540206004227,16.270588235294117,11.155169883334386,23.847058823529412,13.502650429728641,,,,,,,,,,,,
nan,Royals,1610612758.0,0.0,1610612749.4463372,9.628708872885348,0.5065303804656445,0.5000993654814134,0.48268029528676887,0.49984187784184103,106.08290743895513,17.709523239211716,106.85860306643953,18.383444135274043,14.068965517241379,13.060111119858599,0.0,,0.0,,82.0246913580247,31.323703208848865,40.17519908987486,8.454573739714656,0.40863013698630135,0.06057261639491413,0.0,0.0,0.0,0.0,,,34.690641247833625,7.659071053744769,25.753697383390215,6.380032122526234,0.7495095320623917,0.09216648646531493,,,0.0,,57.18181818181818,21.63852095744044,26.30722433460076,6.361262700296033,0.0,,-0.6411428571428571,12.65197240681847,93.10618966496308,117.6315973479102,,,,,,,,,,,,,,,,,,,,,,,,,,,,,,,,,,,,,,,,,,,,
nan,Sacramento Kings,1610612758.0,0.0,1610612751.027661,8.259266278683489,0.4976764770967028,0.5000499317718723,0.43837132108873644,0.49624227902916834,104.85040938260677,12.774276220847085,106.67868997565833,13.030487098868887,23.519727891156464,5.403715523697396,4.5834787667248404,2.4836703574667864,7.9174927113702624,2.997016618901917,85.42608695652174,8.105781607895956,40.066165080770084,5.756517884086873,0.4625845108695652,0.056159486608732954,18.228638086905804,10.446350517317027,5.736908998474835,4.504163703964724,0.3480393538913363,0.1447533019565166,26.04292985173711,8.232183891149324,19.72383270635096,6.652863253385259,0.7574620491259129,0.09779371740836605,30.74393452206957,5.435740685105518,11.855055523085914,4.2539287527204195,42.76822633297062,6.7694497577954795,22.979171282960337,5.155086873984182,15.247666277712952,4.249675362400718,-1.6445635186425542,13.338618598609754,241.3460942686435,10.248383935956422,28.46590909090909,6.01329726453304,29.193181818181817,5.9805392340307035,28.772727272727273,6.26746254311604,27.386363636363637,6.319886180740366,26.897727272727273,11.484161779896427,12.420454545454545,9.564928262385285,10.306818181818182,2.6581384660121095,8.204545454545455,6.572599148063764,14.556818181818182,6.6139141984178655,17.795454545454547,6.560346029052022,47.86363636363637,8.860582760448347,14.5,5.089994693220369,5.3522727272727275,4.20464924043727,0.45454545454545453,0.5007830858361344,19.193181818181817,12.69071337047763,19.65909090909091,12.406789357144747,,,,,,,,,,,,
nan,San Antonio Spurs,1610612759.0,0.0,1610612751.0031354,8.25096327608794,0.5005599104143337,0.500055686913296,0.5845464725643897,0.4928552488133982,104.89720044792833,14.097886600028973,102.30727883538634,15.735794736370401,23.92824427480916,5.79157296029454,5.584440227703984,2.7759789888032613,7.679609014390443,3.0206575862533067,83.4097610574479,8.996898428411033,40.117831541218635,6.469564044899773,0.47263192679206917,0.058004131624664314,17.190618221258134,10.019197674856972,5.5781696854146805,4.357541387884197,0.3476349466776046,0.15979050122481617,25.810259856630825,8.288332616507144,19.441756272401435,6.647739413351376,0.7541460573476703,0.09923679041313788,31.94782608695652,5.525201906226171,11.33722508824328,4.238835431125845,43.565250572373444,6.775874228417683,21.318008522090153,5.1534345657208585,14.57824789802007,4.3585620728357375,2.7145429986492573,13.762452472888612,241.36447132616487,9.05291048494006,27.28235294117647,6.034842809145274,27.435294117647057,7.145506511460341,30.741176470588236,5.894212135194819,28.376470588235293,6.045416348236852,44.74418604651163,14.50532238748865,11.406976744186046,8.999840399861668,9.790697674418604,2.9390525847216877,6.813953488372093,5.967582282942866,16.162790697674417,7.0708356526131615,17.162790697674417,7.222286529113778,47.651162790697676,11.318664899297938,12.372093023255815,4.968243888178331,5.3023255813953485,4.360436479614129,0.4883720930232558,0.5027965568348489,17.406976744186046,10.238770499460824,21.488372093023255,14.55273912850329,,,,,,,,,,,,
nan,SuperSonics,1610612760.0,0.0,1610612750.770221,8.12866080536339,0.4990204310103554,0.5000690242134117,0.521130702490904,0.49962321524543707,105.04897844948223,13.031730042396966,104.434648754548,13.669634227424924,23.523225241016654,5.5976160243990805,4.630157170923379,2.498993246892123,9.087192118226602,3.5325402068481058,83.9006129597198,8.687206677171092,40.64735516372796,6.108153352346582,0.46908669001751313,0.058032060389205865,13.702916460701928,7.1899634957810115,4.022090729783037,3.430029126732555,0.3472549900199601,0.15435003547092266,27.87741393786734,8.695713172415925,20.901203470472993,6.997602469458393,0.7491640078365519,0.09297509855096736,28.327577701036013,5.279385322298346,13.436112481499753,4.534962162964903,42.092778993435445,6.9326359221424845,24.085994397759105,4.9431795170426716,15.35135135135135,4.1779366042717205,0.7728297632468997,13.547719759503227,241.33305345647915,10.545210967657539,,,,,,,,,,,,,,,,,,,,,,,,,,,,,,,,,,,,,,,,,,,,
nan,Toronto Raptors,1610612761.0,0.0,1610612750.9384499,8.79346249808807,0.5015197568389058,0.5000927017722671,0.4768237082066869,0.49955748042142756,101.4798632218845,13.479194558882122,101.92781155015197,13.463046601388376,22.246200607902736,5.473215316540027,5.035334346504559,2.818850720854075,7.857142857142857,2.9445841978401943,83.56117021276596,8.1777142349563,37.65501519756839,5.476696556219464,0.45148518237082064,0.05595116314776127,22.447948328267476,9.636235714141336,8.00835866261398,4.155647890720139,0.35410106382978723,0.11058920859894485,23.608662613981764,7.543234626644708,18.16033434650456,6.199408356469833,0.7693183890577507,0.100916151469953,30.703267477203646,5.471575834542497,11.269756838905774,4.198263593040161,41.973024316109424,6.516332861872638,21.786094224924014,4.54223689606835,14.089665653495441,4.090334896912433,-0.2674329501915709,13.484731962139605,241.45136778115503,12.724245122597337,27.50574712643678,6.007502215192599,26.93103448275862,6.252056598280236,28.57471264367816,5.433813564921661,27.528735632183906,6.311375997945021,37.48275862068966,12.067505926174965,11.528735632183908,8.873581223588511,9.701149425287356,2.3777796097959314,7.011494252873563,5.879594695874647,18.310344827586206,5.8752740556120875,18.310344827586206,6.172539232551361,53.6551724137931,10.107362716088655,15.839080459770114,5.838671327069539,4.609195402298851,3.9128777307491434,0.3793103448275862,0.4880282900288512,12.172413793103448,9.228629489008048,27.114942528735632,15.852096396725498,,,,,,,,,,,,
nan,Utah Jazz,1610612762.0,0.0,1610612750.8038003,8.014238329986886,0.4971277065841803,0.5000469945176133,0.5289438798055678,0.4992167017467128,103.50022094564737,13.153051447558168,102.52319929297393,14.039762508216608,24.481940144478845,5.331627744189376,5.4126896551724135,2.7917321304239433,7.939745715865119,2.9976889340875843,81.65866873065015,8.504654038677137,38.95889502762431,5.731664620941618,0.472000257997936,0.05760163752094828,16.2114269942037,12.211372876643477,5.173268529769137,4.887292152503961,0.34445197112715153,0.16320226476827543,27.496795580110497,8.493056449534294,20.898342541436463,6.80470330611342,0.761203093922652,0.09265295184961322,30.94407530454042,5.683440535450255,11.760099612617598,4.070340778847364,42.97702632937532,6.999003199717077,23.28312320283123,5.067849430879487,15.466427189831444,4.089675783107441,1.1229982206405693,13.983678567970633,241.11801104972375,10.11718454407674,27.22093023255814,5.857928087423758,26.930232558139537,5.279907970843294,28.546511627906977,6.18662119462195,28.325581395348838,6.621607873807791,41.0,12.198932473309792,9.333333333333334,8.716019289105661,9.149425287356323,2.5496408120588097,6.2988505747126435,6.354114108616513,13.666666666666666,5.917389954698693,13.229885057471265,5.284248531700049,46.85057471264368,11.336839245771696,14.862068965517242,6.26205333326672,4.425287356321839,3.990197826616614,0.5862068965517241,0.49536747313510265,9.011494252873563,5.409926820795449,30.011494252873565,19.19453304730377,,,,,,,,,,,,
nan,Washington Wizards,1610612764.0,0.0,1610612750.7678645,8.771844983770759,0.49153242461792646,0.5000315753272412,0.41057414291615035,0.4920396501615851,101.36100784799669,14.054064426980034,104.04502271788517,14.466805728460656,22.132231404958677,5.43501143489148,4.724793388429752,2.433464535851824,7.778099173553719,2.9041345031098507,83.96570247933884,7.876006685940795,37.922314049586774,5.6160534029928595,0.45220537190082644,0.0564725856225621,20.821487603305783,9.775886394243186,7.261570247933884,4.116705198583621,0.3454582644628099,0.11968092273942295,24.331404958677687,7.996232401972199,18.29380165289256,6.377801875978953,0.7531280991735537,0.10046249454782344,31.023140495867768,5.222407921114058,11.275619834710744,4.0668840548717595,42.29876033057851,6.2406936511261515,21.474380165289258,4.492307124754523,14.65702479338843,4.068417087971689,-2.4619565217391304,13.085162259944788,241.19214876033058,12.65018338426025,27.127906976744185,5.538733156551249,26.6046511627907,6.408228294691207,26.88372093023256,5.225319814926418,26.77906976744186,5.692928870492499,40.03448275862069,13.337696425930552,7.390804597701149,6.52429506454766,9.195402298850574,2.4676468428291933,6.35632183908046,6.078894122756235,15.367816091954023,6.38696882382263,14.597701149425287,5.459064938492038,45.40229885057471,10.374902375685213,12.689655172413794,5.400926588951769,4.390804597701149,4.029993138199134,0.21839080459770116,0.41554915630982836,7.241379310344827,5.387249195028424,31.74712643678161,19.430387607478412,,,,,,,,,,,,
nan,Zephyrs,1610612764.0,0.0,1610612749.5,9.236690763409293,0.475,0.5025252685881779,0.3125,0.4664368029425213,109.9375,10.584612368308145,114.025,13.969202110175681,,,,,,,94.0,,42.1125,5.084087237447316,0.33,,,,,,,,38.333333333333336,4.802776974487434,25.7125,6.017261562277376,0.7286666666666667,0.03383883370724625,,,,,57.0,,27.0,3.1847852585154217,,,-3.8607594936708862,13.396071158839714,0.0,0.0,,,,,,,,,,,,,,,,,,,,,,,,,,,,,,,,,,,,,,,,,,,,
